id,season,week,seasonType,startDate,startTimeTBD,completed,neutralSite,conferenceGame,attendance,venueId,venue,homeId,home_team,homeClassification,homeConference,homePoints,homeLineScores,homePostgameWinProbability,homePregameElo,homePostgameElo,awayId,away_team,awayClassification,awayConference,awayPoints,awayLineScores,awayPostgameWinProbability,awayPregameElo,awayPostgameElo,excitementIndex,highlights,notes,winner,is_upset
401693677,2024,1,regular,2024-08-24T04:00:00.000Z,True,True,True,False,,,,124179,Lincoln (CA),ii,Independent DII,7,"[0, 0, 0, 7]",,,,108382,College of Idaho,,,45,"[14, 7, 14, 10]",,,,,,,College of Idaho,False
401635525,2024,1,regular,2024-08-24T16:00:00.000Z,False,True,True,True,47998.0,3504.0,Aviva Stadium,59,Georgia Tech,fbs,ACC,24,"[7, 7, 0, 10]",0.9913955304658811,1497.0,1513.0,52,Florida State,fbs,ACC,21,"[8, 6, 0, 7]",0.008604469534118864,1692.0,1676.0,7.822223962,,Aer Lingus College Football Classic,Florida State,False
401654665,2024,1,regular,2024-08-24T19:30:00.000Z,False,True,False,False,16125.0,3827.0,"Memorial Stadium (Stephenville, TX)",2627,Tarleton State,fcs,UAC,26,"[16, 10, 0, 0]",0.054366198232126725,,,2377,McNeese,fcs,Southland,23,"[7, 0, 3, 13]",0.9456338017678733,,,5.5640247878,,,McNeese,False
401643697,2024,1,regular,2024-08-24T20:00:00.000Z,False,True,False,False,17314.0,3971.0,University Stadium (NM),167,New Mexico,fbs,Mountain West,31,"[10, 14, 7, 0]",0.30110066648514766,1234.0,1234.0,147,Montana State,fcs,Big Sky,35,"[0, 14, 0, 21]",0.6988993335148523,,,4.9273181699,,,Montana State,False
401654662,2024,1,regular,2024-08-24T23:00:00.000Z,False,True,True,False,4358.0,3689.0,Cramton Bowl,2546,Southeast Missouri State,fcs,Big South-OVC,37,"[7, 6, 8, 16]",0.994947815730074,,,2453,North Alabama,fcs,UAC,15,"[8, 7, 0, 0]",0.005052184269926041,,,7.1719013459,,FCS Kickoff,North Alabama,False
401636372,2024,1,regular,2024-08-24T23:30:00.000Z,False,True,True,False,22210.0,4246.0,Center Parc Stadium,2450,Norfolk State,fcs,MEAC,23,"[14, 0, 3, 6]",0.918362106299498,,,50,Florida A&M,fcs,SWAC,24,"[7, 3, 14, 0]",0.081637893700502,,,4.6903128028,,Cricket MEAC/SWAC Challenge Kickoff,Florida A&M,False
401643696,2024,1,regular,2024-08-25T00:00:00.000Z,False,True,False,False,20263.0,3816.0,Mackay Stadium,2440,Nevada,fbs,Mountain West,24,"[7, 10, 7, 0]",0.1027094743544201,1222.0,1243.0,2567,SMU,fbs,ACC,29,"[0, 10, 3, 16]",0.8972905256455799,1690.0,1669.0,7.6714922497,,,SMU,False
401643858,2024,1,regular,2024-08-25T03:59:00.000Z,False,True,False,False,12206.0,7220.0,Clarence T.C. Ching Athletics Complex,62,Hawai'i,fbs,Mountain West,35,"[14, 0, 7, 14]",0.9564689570884497,1227.0,1227.0,2169,Delaware State,fcs,MEAC,14,"[0, 7, 7, 0]",0.0435310429115503,,,5.224356278,,,Delaware State,False
401675545,2024,1,regular,2024-08-29T04:00:00.000Z,True,True,False,True,,6123.0,Jackson Field,2834,Sul Ross State,ii,Lone Star,21,"[0, 7, 14, 0]",,,,2704,West Texas A&M,ii,Lone Star,42,"[0, 21, 7, 14]",,,,,,,West Texas A&M,False
401673041,2024,1,regular,2024-08-29T22:00:00.000Z,False,True,False,False,6155.0,3774.0,Jayne Stadium,2413,Morehead State,fcs,Pioneer,17,"[0, 10, 0, 7]",,,,2119,Central State (OH),ii,SIAC,10,"[0, 10, 0, 0]",,,,,,,Central State (OH),False
401628580,2024,1,regular,2024-08-29T22:00:00.000Z,False,True,False,False,5421.0,717.0,Villanova Stadium,222,Villanova,fcs,CAA,24,"[10, 7, 7, 0]",0.23680753263995083,,,2754,Youngstown State,fcs,MVFC,17,"[0, 3, 7, 7]",0.7631924673600492,,,4.2684188077,,,Youngstown State,False
401674318,2024,1,regular,2024-08-29T22:00:00.000Z,False,True,False,False,,3950.0,Superior Dome,128,Northern Michigan,ii,GLIAC,7,"[0, 0, 0, 7]",,,,134,Minnesota Duluth,ii,Northern Sun,35,"[6, 7, 15, 7]",,,,,,,Minnesota Duluth,False
401628458,2024,1,regular,2024-08-29T22:00:00.000Z,False,True,False,False,47803.0,6577.0,SHI Stadium,164,Rutgers,fbs,Big Ten,44,"[7, 10, 14, 13]",0.9969831120621432,1460.0,1460.0,47,Howard,fcs,MEAC,7,"[0, 7, 0, 0]",0.003016887937856816,,,4.6819518771,,,Howard,False
401673370,2024,1,regular,2024-08-29T22:00:00.000Z,False,True,False,False,,3663.0,Burke-Tarr Stadium,2105,Carson-Newman College,ii,South Atlantic,50,"[7, 19, 17, 7]",,,,2890,Reinhardt University,,,7,"[0, 7, 0, 0]",,,,,,,Reinhardt University,False
401644729,2024,1,regular,2024-08-29T23:00:00.000Z,False,True,False,False,12786.0,3700.0,Doyt L. Perry Stadium,189,Bowling Green,fbs,Mid-American,41,"[20, 7, 7, 7]",0.9928386384421355,1431.0,1431.0,2230,Fordham,fcs,Patriot,17,"[0, 3, 7, 7]",0.0071613615578645096,,,2.6308489164,,,Fordham,False
401634152,2024,1,regular,2024-08-29T23:00:00.000Z,False,True,False,False,4378.0,3710.0,Ernest W. Spangler Stadium,2241,Gardner-Webb,fcs,Big South-OVC,20,"[3, 10, 7, 0]",0.5721206203546367,,,2747,Wofford,fcs,Southern,21,"[8, 3, 0, 10]",0.42787937964536327,,,7.0427787593,,,Wofford,False
401628582,2024,1,regular,2024-08-29T23:00:00.000Z,False,True,False,False,44206.0,3652.0,FBC Mortgage Stadium,2116,UCF,fbs,Big 12,57,"[6, 23, 28, 0]",0.9984304429832914,1578.0,1578.0,160,New Hampshire,fcs,CAA,3,"[0, 3, 0, 0]",0.0015695570167085782,,,3.4992540194,,,New Hampshire,False
401674307,2024,1,regular,2024-08-29T23:00:00.000Z,False,True,False,False,,5874.0,Chet Anderson Stadium,132,Bemidji State,ii,Northern Sun,19,"[0, 0, 3, 10, 6]",,,,2392,Michigan Tech,ii,GLIAC,13,"[7, 0, 3, 3, 0]",,,,,,,Michigan Tech,False
401674174,2024,1,regular,2024-08-29T23:00:00.000Z,False,True,False,False,,6062.0,Gable Field at Doc Wadley Stadium,196,Northeastern State,ii,Independent DII,31,"[14, 17, 0, 0]",,,,137,Missouri Western,ii,Mid America,33,"[14, 0, 13, 6]",,,,,,,Missouri Western,False
401674295,2024,1,regular,2024-08-29T23:00:00.000Z,False,True,False,False,,5886.0,West Family Stadium,2699,West Liberty,ii,Mountain East,21,"[0, 7, 7, 7]",,,,2682,Walsh,ii,Great Midwest Athletic,41,"[20, 7, 7, 7]",,,,,,,Walsh,False
401674274,2024,1,regular,2024-08-29T23:00:00.000Z,False,True,False,False,,5943.0,Duvall-Rosier Field,2986,Fairmont State,ii,Mountain East,56,"[7, 7, 21, 21]",,,,611,Seton Hill,ii,Pennsylvania State Athletic,24,"[0, 10, 0, 14]",,,,,,,Seton Hill,False
401674184,2024,1,regular,2024-08-29T23:00:00.000Z,False,True,False,False,,5134.0,Bearcat Stadium,138,Northwest Missouri St,ii,Mid America,22,"[0, 0, 9, 13]",,,,2364,Minnesota State Mankato,ii,Northern Sun,36,"[8, 14, 7, 7]",,,,,,,Minnesota State Mankato,False
401636387,2024,1,regular,2024-08-29T23:00:00.000Z,False,True,False,False,11145.0,3817.0,Malone Stadium,2433,UL Monroe,fbs,Sun Belt,30,"[7, 7, 7, 9]",0.9698949195350997,1156.0,1156.0,2296,Jackson State,fcs,SWAC,14,"[0, 7, 7, 0]",0.030105080464900347,,,6.4645770987,,,Jackson State,False
401674221,2024,1,regular,2024-08-29T23:00:00.000Z,False,True,False,False,,6052.0,Herb Parker Stadium,568,Minot State,ii,Northern Sun,38,"[17, 7, 0, 14]",,,,628,Valley City State,,,7,"[0, 0, 7, 0]",,,,,,,Valley City State,False
401674525,2024,1,regular,2024-08-29T23:00:00.000Z,False,True,False,False,,6035.0,"Memorial Stadium (Wayne, NE)",2844,Wayne State (NE),ii,Northern Sun,49,"[7, 7, 21, 14]",,,,2402,Missouri S&T,ii,Great Lakes,17,"[0, 3, 0, 14]",,,,,,,Missouri S&T,False
401628579,2024,1,regular,2024-08-29T23:00:00.000Z,False,True,False,True,17244.0,3695.0,Delaware Stadium,48,Delaware,fcs,CAA,48,"[14, 20, 7, 7]",0.9915025125216215,,,2803,Bryant,fcs,CAA,17,"[3, 7, 0, 7]",0.00849748747837853,,,3.0604916608,,,Bryant,False
401674363,2024,1,regular,2024-08-29T23:00:00.000Z,False,True,False,True,,4440.0,Sox Harrison Stadium,2205,Edinboro University,ii,Pennsylvania State Athletic,12,"[3, 3, 0, 6]",,,,2188,East Stroudsburg University,ii,Pennsylvania State Athletic,24,"[10, 0, 14, 0]",,,,,,,East Stroudsburg University,False
401676074,2024,1,regular,2024-08-29T23:00:00.000Z,False,True,False,True,,4431.0,Chryst Field at Biemesderfer Stadium,210,Millersville,ii,Pennsylvania State Athletic,7,"[0, 7, 0, 0]",,,,2134,Clarion,ii,Pennsylvania State Athletic,36,"[7, 0, 15, 14]",,,,,,,Clarion,False
401644730,2024,1,regular,2024-08-29T23:00:00.000Z,False,True,False,False,18055.0,3786.0,Kelly/Shorts Stadium,2117,Central Michigan,fbs,Mid-American,66,"[14, 28, 24, 0]",0.990740332770375,1333.0,1333.0,2115,Central Connecticut,fcs,NEC,10,"[7, 0, 3, 0]",0.009259667229625013,,,3.5315915573,,,Central Connecticut,False
401628592,2024,1,regular,2024-08-29T23:00:00.000Z,False,True,False,False,8096.0,3998.0,Zable Stadium,2729,William & Mary,fcs,CAA,41,"[14, 14, 13, 0]",0.998934559408119,,,2678,VMI,fcs,Southern,7,"[0, 7, 0, 0]",0.0010654405918809617,,,2.6764257434,,,VMI,False
401675476,2024,1,regular,2024-08-29T23:00:00.000Z,False,True,False,False,,6046.0,Meares Stadium,2369,Mars Hill,ii,South Atlantic,16,"[0, 7, 3, 6]",,,,2170,Delta State,ii,Gulf South,47,"[0, 10, 14, 23]",,,,,,,Delta State,False
401644727,2024,1,regular,2024-08-29T23:00:00.000Z,False,True,False,False,16400.0,3965.0,UB Stadium,2084,Buffalo,fbs,Mid-American,30,"[13, 3, 7, 7]",0.9963644776637445,1357.0,1357.0,322,Lafayette,fcs,Patriot,13,"[0, 0, 6, 7]",0.0036355223362555256,,,4.5184667445,,,Lafayette,False
401628581,2024,1,regular,2024-08-29T23:00:00.000Z,False,True,False,False,29450.0,3630.0,Allegacy Federal Credit Union Stadium,154,Wake Forest,fbs,ACC,45,"[7, 10, 21, 7]",0.9025691144714703,1431.0,1431.0,2448,North Carolina A&T,fcs,CAA,13,"[7, 3, 0, 3]",0.09743088552852974,,,4.0055730674,,,North Carolina A&T,False
401634299,2024,1,regular,2024-08-29T23:00:00.000Z,False,True,False,False,56919.0,3670.0,Carter-Finley Stadium,152,NC State,fbs,ACC,38,"[7, 7, 3, 21]",0.9918432913255499,1606.0,1606.0,2717,Western Carolina,fcs,Southern,21,"[14, 0, 7, 0]",0.008156708674450064,,,7.4610249317,,,Western Carolina,False
401634143,2024,1,regular,2024-08-29T23:00:00.000Z,False,True,False,False,7219.0,4417.0,Five Star Stadium at the Moye Complex,2382,Mercer,fcs,Southern,63,"[14, 14, 14, 21]",0.9989699805437935,,,2506,Presbyterian,fcs,Pioneer,10,"[3, 0, 7, 0]",0.0010300194562065101,,,2.8773607294,,,Presbyterian,False
401675822,2024,1,regular,2024-08-29T23:00:00.000Z,False,True,False,False,,3638.0,MDU Resources Community Bowl,559,University of Mary,ii,Northern Sun,23,"[9, 7, 7, 0]",,,,2939,Jamestown College,,,6,"[0, 0, 0, 6]",,,,,,,Jamestown College,False
401674305,2024,1,regular,2024-08-29T23:00:00.000Z,False,True,False,False,500.0,6212.0,Bishop Schmitt Field,112335,Wheeling,ii,Mountain East,25,"[7, 10, 0, 8]",,,,2385,Mercyhurst,fcs,NEC,28,"[7, 14, 7, 0]",,,,,,,Mercyhurst,False
401655664,2024,1,regular,2024-08-29T23:30:00.000Z,False,True,False,False,,3701.0,Drake Stadium,2181,Drake,fcs,Pioneer,0,[],,,,2825,Quincy,ii,Great Lakes,0,[],,,,,,,Quincy,False
401628320,2024,1,regular,2024-08-29T23:30:00.000Z,False,True,True,False,40127.0,3983.0,War Memorial Stadium (AR),8,Arkansas,fbs,SEC,70,"[28, 21, 7, 14]",0.9989700310726486,1454.0,1454.0,2029,Arkansas-Pine Bluff,fcs,SWAC,0,"[0, 0, 0, 0]",0.00102996892735141,,,2.5735528941,,,Arkansas-Pine Bluff,False
401644728,2024,1,regular,2024-08-29T23:30:00.000Z,False,True,False,False,23515.0,3739.0,Glass Bowl,2649,Toledo,fbs,Mid-American,49,"[21, 7, 14, 7]",0.9854090128176071,1526.0,1526.0,2184,Duquesne,fcs,NEC,10,"[7, 3, 0, 0]",0.014590987182392934,,,3.6042805247,,,Duquesne,False
401634206,2024,1,regular,2024-08-30T00:00:00.000Z,False,True,False,False,49438.0,3726.0,Folsom Field,38,Colorado,fbs,Big 12,31,"[14, 3, 7, 7]",0.3704693385585345,1324.0,1324.0,2449,North Dakota State,fcs,MVFC,26,"[10, 10, 0, 6]",0.6295306614414655,,,6.0376176228,,,North Dakota State,False
401675114,2024,1,regular,2024-08-30T00:00:00.000Z,False,True,False,False,2014.0,3756.0,Homer Bryce Stadium,2617,Stephen F. Austin,fcs,Southland,77,"[42, 28, 0, 7]",,,,123086,North American University,,,0,"[0, 0, 0, 0]",,,,1.8434041735,,,North American University,False
401628327,2024,1,regular,2024-08-30T00:00:00.000Z,False,True,False,False,62621.0,3838.0,Memorial Stadium,142,Missouri,fbs,SEC,51,"[28, 7, 10, 6]",0.9989083251415593,1744.0,1744.0,93,Murray State,fcs,MVFC,0,"[0, 0, 0, 0]",0.0010916748584407499,,,2.1957671965,,,Murray State,False
401636606,2024,1,regular,2024-08-30T00:00:00.000Z,False,True,True,False,20829.0,3486.0,Children's Mercy Park,2305,Kansas,fbs,Big 12,48,"[7, 27, 7, 7]",0.9989701373065328,1619.0,1619.0,2815,Lindenwood,fcs,Big South-OVC,3,"[0, 0, 0, 3]",0.001029862693467165,,,3.001620721,,,Lindenwood,False
401628448,2024,1,regular,2024-08-30T00:00:00.000Z,False,True,False,False,50805.0,3953.0,Huntington Bank Stadium,135,Minnesota,fbs,Big Ten,17,"[0, 14, 0, 3]",0.8741646700190268,1492.0,1492.0,153,North Carolina,fbs,ACC,19,"[0, 7, 6, 6]",0.12583532998097324,1546.0,1546.0,8.3966898321,,,North Carolina,False
401645318,2024,1,regular,2024-08-30T00:00:00.000Z,False,True,False,False,16483.0,3674.0,Chapman Stadium,202,Tulsa,fbs,American Athletic,62,"[14, 27, 7, 14]",0.9988522601651243,1248.0,1248.0,2466,Northwestern State,fcs,Southland,28,"[14, 0, 0, 14]",0.001147739834875705,,,4.1619627667,,,Northwestern State,False
401645317,2024,1,regular,2024-08-30T00:00:00.000Z,False,True,False,False,20143.0,4729.0,Yulman Stadium,2655,Tulane,fbs,American Athletic,52,"[7, 14, 14, 17]",0.9989668126898874,1565.0,1565.0,2545,SE Louisiana,fcs,Southland,0,"[0, 0, 0, 0]",0.0010331873101125932,,,3.9545561472,,,SE Louisiana,False
401674159,2024,1,regular,2024-08-30T00:00:00.000Z,False,True,False,False,,5890.0,Lewis Field Stadium,2231,Fort Hays State,ii,Mid America,21,"[14, 0, 0, 7]",,,,2025,Angelo State,ii,Lone Star,7,"[0, 7, 0, 0]",,,,,,,Angelo State,False
401674150,2024,1,regular,2024-08-30T00:00:00.000Z,False,True,False,True,,5942.0,Francis G. Welch Stadium,2214,Emporia State University,ii,Mid America,30,"[0, 6, 10, 14]",,,,2687,Washburn,ii,Mid America,14,"[0, 0, 7, 7]",,,,,,,Washburn,False
401655860,2024,1,regular,2024-08-30T00:00:00.000Z,False,True,False,False,3265.0,5116.0,O'Shaughnessy Stadium,2900,St. Thomas (MN),fcs,Pioneer,13,"[7, 0, 6, 0]",0.0012056173925438967,,,2894,Sioux Falls,ii,Northern Sun,34,"[8, 3, 9, 14]",0.9987943826074561,,,4.8571363888,,,Sioux Falls,False
401673254,2024,1,regular,2024-08-30T00:00:00.000Z,False,True,False,True,,3860.0,O'Harra Stadium,613,South Dakota Mines,ii,Rocky Mountain,6,"[0, 3, 3, 0]",,,,2570,CSU Pueblo,ii,Rocky Mountain,35,"[7, 7, 14, 7]",,,,,,,CSU Pueblo,False
401673279,2024,1,regular,2024-08-30T00:00:00.000Z,False,True,False,False,,6076.0,Javelina Stadium,2658,Texas A&M-Kingsville,ii,Lone Star,13,"[7, 3, 3, 0]",,,,11,Colorado Mesa,ii,Rocky Mountain,16,"[8, 0, 0, 8]",,,,,,,Colorado Mesa,False
401675538,2024,1,regular,2024-08-30T00:00:00.000Z,False,True,False,False,,6049.0,"Memorial Stadium (Wichita Falls, TX)",2395,Midwestern State,ii,Lone Star,18,"[2, 3, 6, 7]",,,,2403,Missouri Southern State,ii,Mid America,11,"[3, 0, 0, 8]",,,,,,,Missouri Southern State,False
401673257,2024,1,regular,2024-08-30T00:00:00.000Z,False,True,False,False,,6059.0,Sanchez Family Stadium,2424,New Mexico Highlands,ii,Rocky Mountain,37,"[7, 9, 14, 7]",,,,2201,Eastern New Mexico,ii,Lone Star,63,"[21, 7, 14, 21]",,,,,,,Eastern New Mexico,False
401673282,2024,1,regular,2024-08-30T00:00:00.000Z,False,True,False,False,,5880.0,Elliott Field at Don Beebe Stadium,2123,Chadron St,ii,Rocky Mountain,6,"[0, 6, 0, 0]",,,,2438,Nebraska-Kearney,ii,Mid America,18,"[7, 11, 0, 0]",,,,,,,Nebraska-Kearney,False
401640998,2024,1,regular,2024-08-30T00:00:00.000Z,False,True,False,False,18977.0,3662.0,AmFirst Stadium,55,Jacksonville State,fbs,Conference USA,27,"[3, 7, 0, 17]",0.006210418812854204,1538.0,1449.0,324,Coastal Carolina,fbs,Sun Belt,55,"[17, 14, 10, 14]",0.9937895811871458,1448.0,1537.0,2.3532792649,,,Coastal Carolina,False
401645316,2024,1,regular,2024-08-30T00:00:00.000Z,False,True,False,False,21267.0,7221.0,Protective Stadium,5,UAB,fbs,American Athletic,41,"[14, 14, 3, 10]",0.998633095814721,1363.0,1363.0,2016,Alcorn State,fcs,SWAC,3,"[3, 0, 0, 0]",0.001366904185278961,,,3.2583396559,,,Alcorn State,False
401654562,2024,1,regular,2024-08-30T00:00:00.000Z,False,True,False,False,7435.0,1905.0,DakotaDome,233,South Dakota,fcs,MVFC,45,"[10, 21, 7, 7]",0.9980638710597333,,,425,Northern State,ii,Northern Sun,3,"[3, 0, 0, 0]",0.0019361289402667348,,,2.4587291553,,,Northern State,False
401654845,2024,1,regular,2024-08-30T01:00:00.000Z,False,True,False,False,43849.0,3832.0,"Memorial Stadium (Champaign, IL)",356,Illinois,fbs,Big Ten,45,"[14, 17, 7, 7]",0.998775795771694,1502.0,1502.0,2197,Eastern Illinois,fcs,Big South-OVC,0,"[0, 0, 0, 0]",0.0012242042283060472,,,2.616514081,,,Eastern Illinois,False
401628583,2024,1,regular,2024-08-30T01:00:00.000Z,False,True,False,False,4612.0,3906.0,Roos Field,331,Eastern Washington,fcs,Big Sky,42,"[14, 14, 7, 7]",0.9986200424510411,,,2405,Monmouth,fcs,CAA,27,"[7, 7, 0, 13]",0.001379957548958921,,,3.9223201444,,,Monmouth,False
401636607,2024,1,regular,2024-08-30T01:00:00.000Z,False,True,False,False,52210.0,587.0,Rice-Eccles Stadium,254,Utah,fbs,Big 12,49,"[7, 28, 7, 7]",0.9989529148338463,1622.0,1622.0,253,Southern Utah,fcs,UAC,0,"[0, 0, 0, 0]",0.001047085166153705,,,2.4892539854,,,Southern Utah,False
401643698,2024,1,regular,2024-08-30T02:00:00.000Z,False,True,False,False,13811.0,3935.0,CEFCU Stadium,23,San Jos√© State,fbs,Mountain West,42,"[7, 7, 7, 21]",0.9887113561234411,1544.0,1544.0,16,Sacramento State,fcs,Big Sky,24,"[14, 3, 7, 0]",0.011288643876558924,,,8.7463456016,,,Sacramento State,False
401645319,2024,1,regular,2024-08-30T22:00:00.000Z,False,True,False,False,23760.0,3841.0,Michie Stadium,349,Army,fbs,American Athletic,42,"[7, 14, 7, 14]",0.9979306489300219,1425.0,1425.0,2329,Lehigh,fcs,Patriot,7,"[7, 0, 0, 0]",0.002069351069978076,,,3.1009780986,,,Lehigh,False
401656600,2024,1,regular,2024-08-30T23:00:00.000Z,False,True,False,False,5775.0,3607.0,Alfond Stadium,311,Maine,fcs,CAA,17,"[0, 10, 0, 7]",0.9249528354518197,,,2142,Colgate,fcs,Patriot,14,"[0, 7, 0, 7]",0.07504716454818028,,,6.2211452136,,,Colgate,False
401628328,2024,1,regular,2024-08-30T23:00:00.000Z,False,True,False,False,83329.0,3835.0,"Memorial Stadium (Norman, OK)",201,Oklahoma,fbs,SEC,51,"[17, 17, 3, 14]",0.9967305253633713,1786.0,1849.0,218,Temple,fbs,American Athletic,3,"[0, 0, 3, 0]",0.003269474636628744,1178.0,1115.0,2.6725263142,,,Temple,False
401628453,2024,1,regular,2024-08-30T23:00:00.000Z,False,True,False,False,70271.0,3936.0,Spartan Stadium,127,Michigan State,fbs,Big Ten,16,"[2, 14, 0, 0]",0.8569259339139759,1392.0,1401.0,2226,Florida Atlantic,fbs,American Athletic,10,"[0, 3, 7, 0]",0.14307406608602413,1422.0,1413.0,6.7849495035,,,Florida Atlantic,False
401628584,2024,1,regular,2024-08-30T23:30:00.000Z,False,True,False,False,18466.0,3982.0,Wallace Wade Stadium,150,Duke,fbs,ACC,26,"[3, 7, 9, 7]",0.9964878761250934,1602.0,1602.0,2210,Elon,fcs,CAA,3,"[0, 0, 0, 3]",0.0035121238749066253,,,4.3623822452,,,Elon,False
401628461,2024,1,regular,2024-08-31T01:00:00.000Z,False,True,False,False,75158.0,347.0,Camp Randall Stadium,275,Wisconsin,fbs,Big Ten,28,"[0, 10, 3, 15]",0.5495450669632155,1587.0,1593.0,2711,Western Michigan,fbs,Mid-American,14,"[0, 7, 0, 7]",0.4504549330367845,1315.0,1309.0,7.098240234,,,Western Michigan,False
401634300,2024,1,regular,2024-08-31T02:30:00.000Z,False,True,False,False,36026.0,3940.0,Stanford Stadium,24,Stanford,fbs,ACC,27,"[7, 10, 0, 10]",0.10769287584413943,1286.0,1295.0,2628,TCU,fbs,Big 12,34,"[7, 3, 10, 14]",0.8923071241558606,1587.0,1578.0,9.2635770293,,,TCU,False
401643703,2024,1,regular,2024-08-31T04:00:00.000Z,True,True,False,False,17037.0,3905.0,Maverik Stadium,328,Utah State,fbs,Mountain West,36,"[7, 3, 10, 16]",0.9971715241134939,1346.0,1346.0,2523,Robert Morris,fcs,NEC,14,"[0, 14, 0, 0]",0.0028284758865061432,,,6.7617772711,,,Robert Morris,False
401628451,2024,1,regular,2024-08-31T16:00:00.000Z,False,True,False,False,35421.0,3665.0,SECU Stadium,120,Maryland,fbs,Big Ten,50,"[14, 9, 13, 14]",0.9988002754401627,1630.0,1703.0,41,UConn,fbs,FBS Independents,7,"[0, 0, 7, 0]",0.0011997245598373008,1230.0,1157.0,3.0293093219,,,UConn,False
401628457,2024,1,regular,2024-08-31T16:00:00.000Z,False,True,False,False,62084.0,3842.0,Milan Puskar Stadium,277,West Virginia,fbs,Big 12,12,"[0, 6, 0, 6]",0.0009582824377984128,1574.0,1546.0,213,Penn State,fbs,Big Ten,34,"[0, 20, 7, 7]",0.9990417175622016,1833.0,1861.0,3.2059023853,,,Penn State,False
401645322,2024,1,regular,2024-08-31T16:00:00.000Z,False,True,False,False,28763.0,3852.0,Navy-Marine Corps Memorial Stadium,2426,Navy,fbs,American Athletic,49,"[6, 22, 7, 14]",0.9984703617023533,1368.0,1368.0,2083,Bucknell,fcs,Patriot,21,"[7, 0, 7, 7]",0.0015296382976467404,,,3.4538485468,,,Bucknell,False
401654646,2024,1,regular,2024-08-31T16:00:00.000Z,False,True,False,False,2850.0,3988.0,Welcome Stadium,2168,Dayton,fcs,Pioneer,18,"[9, 0, 9, 0]",0.8070310954135067,,,2598,St. Francis (PA),fcs,NEC,10,"[0, 3, 7, 0]",0.1929689045864933,,,5.260184154,,,St. Francis (PA),False
401654657,2024,1,regular,2024-08-31T16:00:00.000Z,False,True,False,False,2258.0,3979.0,Wagner College Stadium,2681,Wagner,fcs,NEC,46,"[19, 13, 14, 0]",0.9989348373775856,,,2355,Virginia University Of Lynchburg,,,7,"[0, 7, 0, 0]",0.0010651626224144062,,,2.9149187813,,,Virginia University Of Lynchburg,False
401632062,2024,1,regular,2024-08-31T16:00:00.000Z,False,True,False,False,47067.0,3873.0,L&N Federal Credit Union Stadium,97,Louisville,fbs,ACC,62,"[10, 28, 21, 3]",0.9989252517275378,1625.0,1625.0,2046,Austin Peay,fcs,UAC,0,"[0, 0, 0, 0]",0.0010747482724622337,,,2.3632203342,,,Austin Peay,False
401634305,2024,1,regular,2024-08-31T16:00:00.000Z,False,True,False,False,44616.0,3752.0,Acrisure Stadium,221,Pittsburgh,fbs,ACC,55,"[14, 14, 14, 13]",0.9944918416705909,1436.0,1486.0,2309,Kent State,fbs,Mid-American,24,"[7, 7, 10, 0]",0.005508158329409096,1158.0,1108.0,4.2275134344,,,Kent State,False
401628450,2024,1,regular,2024-08-31T16:00:00.000Z,False,True,False,False,69250.0,3793.0,Kinnick Stadium,2294,Iowa,fbs,Big Ten,40,"[3, 3, 13, 21]",0.9981064825554675,1550.0,1550.0,2287,Illinois State,fcs,MVFC,0,"[0, 0, 0, 0]",0.0018935174445324776,,,4.289131329,,,Illinois State,False
401634169,2024,1,regular,2024-08-31T16:00:00.000Z,False,True,False,False,59488.0,3907.0,Ross-Ade Stadium,2509,Purdue,fbs,Big Ten,49,"[7, 14, 14, 14]",0.9989614643903625,1492.0,1492.0,282,Indiana State,fcs,MVFC,0,"[0, 0, 0, 0]",0.0010385356096375142,,,3.120175037,,,Indiana State,False
401628323,2024,1,regular,2024-08-31T16:00:00.000Z,False,True,True,False,78827.0,5348.0,Mercedes-Benz Stadium,61,Georgia,fbs,SEC,34,"[0, 6, 14, 14]",0.996798246718009,2015.0,2066.0,228,Clemson,fbs,ACC,3,"[0, 0, 3, 0]",0.0032017532819910155,1676.0,1625.0,3.9981808014,,Aflac Kickoff,Clemson,False
401628333,2024,1,regular,2024-08-31T16:00:00.000Z,False,True,False,False,,3973.0,FirstBank Stadium,238,Vanderbilt,fbs,SEC,34,"[3, 14, 3, 7, 7]",0.9759708097958583,1284.0,1313.0,259,Virginia Tech,fbs,ACC,27,"[0, 3, 10, 14, 0]",0.024029190204141737,1604.0,1575.0,7.7799416184,,,Virginia Tech,False
401654641,2024,1,regular,2024-08-31T16:30:00.000Z,False,True,False,False,,3847.0,Cooper Field,46,Georgetown,fcs,Patriot,46,"[12, 10, 21, 3]",0.9983093472263984,,,2166,Davidson,fcs,Pioneer,24,"[3, 14, 0, 7]",0.0016906527736015864,,,4.58337086,,,Davidson,False
401628330,2024,1,regular,2024-08-31T16:45:00.000Z,False,True,False,False,101915.0,3853.0,Neyland Stadium,2633,Tennessee,fbs,SEC,69,"[24, 21, 10, 14]",0.9989676752583595,1751.0,1751.0,236,Chattanooga,fcs,Southern,3,"[0, 0, 3, 0]",0.0010323247416405001,,,2.0752113158,,,Chattanooga,False
401675586,2024,1,regular,2024-08-31T17:00:00.000Z,False,True,False,True,,5945.0,Wildcat Stadium (GA),2232,Fort Valley State,ii,SIAC,42,"[14, 7, 7, 14]",,,,2805,Clark Atlanta,ii,SIAC,45,"[13, 13, 6, 13]",,,,,,,Clark Atlanta,False
401676691,2024,1,regular,2024-08-31T17:00:00.000Z,False,True,False,True,,6068.0,George Williams Athletic Complex,2551,Shaw,ii,CIAA,17,"[7, 3, 7, 0]",,,,2207,Elizabeth City State,ii,CIAA,13,"[0, 0, 7, 6]",,,,,,,Elizabeth City State,False
401677383,2024,1,regular,2024-08-31T17:00:00.000Z,False,True,False,True,,6221.0,Mitchell Stadium,124180,Bluefield State,ii,CIAA,3,"[3, 0, 0, 0]",,,,2736,Winston-Salem,ii,CIAA,34,"[14, 13, 7, 0]",,,,,,,Winston-Salem,False
401655657,2024,1,regular,2024-08-31T17:00:00.000Z,False,True,False,False,3109.0,3664.0,Butler Bowl,2086,Butler,fcs,Pioneer,40,"[6, 13, 14, 7]",0.9981541335142878,,,389,Upper Iowa University,ii,Great Lakes,7,"[0, 7, 0, 0]",0.0018458664857121665,,,4.4578356316,,,Upper Iowa University,False
401674303,2024,1,regular,2024-08-31T17:00:00.000Z,False,True,True,False,,7422.0,Municipal Stadium,126086,Post University,ii,Northeast 10,41,"[7, 21, 6, 7]",,,,455,West Virginia Wesleyan,ii,Mountain East,24,"[14, 7, 3, 0]",,,,,,,West Virginia Wesleyan,False
401673381,2024,1,regular,2024-08-31T17:00:00.000Z,False,True,False,False,,5840.0,Fred Selfe Stadium at Nicewonder Field,2213,Emory & Henry College,ii,South Atlantic,38,"[17, 0, 14, 7]",,,,2249,Glenville State,ii,Mountain East,7,"[0, 0, 7, 0]",,,,,,,Glenville State,False
401634212,2024,1,regular,2024-08-31T18:00:00.000Z,False,True,False,False,52202.0,3646.0,Boone Pickens Stadium,197,Oklahoma State,fbs,Big 12,44,"[10, 7, 21, 6]",0.9918623935187709,1522.0,1522.0,2571,South Dakota State,fcs,MVFC,20,"[0, 6, 7, 7]",0.008137606481229076,,,3.8973240461,,,South Dakota State,False
401628591,2024,1,regular,2024-08-31T18:30:00.000Z,False,True,False,False,37654.0,3854.0,Nippert Stadium,2132,Cincinnati,fbs,Big 12,38,"[21, 7, 10, 0]",0.9988703038356657,1394.0,1394.0,119,Towson,fcs,CAA,20,"[3, 14, 3, 0]",0.0011296961643343373,,,4.0563441295,,,Towson,False
401675404,2024,1,regular,2024-08-31T19:00:00.000Z,False,True,False,False,,6042.0,Alumni Stadium (KY),2310,Kentucky State,ii,SIAC,7,"[7, 0, 0, 0]",,,,2676,Virginia Union,ii,CIAA,69,"[20, 14, 21, 14]",,,,,,,Virginia Union,False
401675597,2024,1,regular,2024-08-31T19:00:00.000Z,False,True,False,True,,6056.0,B.T. Harvey Stadium,60,Morehouse College,ii,SIAC,11,[],,,,2206,Edward Waters,ii,SIAC,28,[],,,,,,,Edward Waters,False
401637159,2024,1,regular,2024-08-31T19:00:00.000Z,False,True,False,False,20089.0,3820.0,Gesa Field,265,Washington State,fbs,Pac-12,70,"[22, 27, 14, 7]",0.998969170318451,1530.0,1530.0,2502,Portland State,fcs,Big Sky,30,"[7, 10, 6, 7]",0.0010308296815489948,,,2.9697667045,,,Portland State,False
401658348,2024,1,regular,2024-08-31T19:00:00.000Z,False,True,False,False,,7076.0,J.W. Babb Stadium,101784,ERSKINE,ii,Gulf South,52,"[17, 7, 21, 7]",,,,111610,Laurinburg,,,0,"[0, 0, 0, 0]",,,,,,,Laurinburg,False
401628454,2024,1,regular,2024-08-31T19:30:00.000Z,False,True,False,False,86072.0,3834.0,"Memorial Stadium (Lincoln, NE)",158,Nebraska,fbs,Big Ten,40,"[7, 23, 7, 3]",0.9829337715303853,1507.0,1571.0,2638,UTEP,fbs,Conference USA,7,"[7, 0, 0, 0]",0.017066228469614697,1296.0,1232.0,3.541056616,,,UTEP,False
401628449,2024,1,regular,2024-08-31T19:30:00.000Z,False,True,False,False,44150.0,3830.0,"Memorial Stadium (Bloomington, IN)",84,Indiana,fbs,Big Ten,31,"[14, 7, 3, 7]",0.9982659319837235,1395.0,1430.0,2229,Florida International,fbs,Conference USA,7,"[0, 7, 0, 0]",0.0017340680162765132,1164.0,1129.0,3.6693137815,,,Florida International,False
401644683,2024,1,regular,2024-08-31T19:30:00.000Z,False,True,True,False,12023.0,5960.0,Lanny and Sharon Martin Stadium,77,Northwestern,fbs,Big Ten,13,"[3, 0, 7, 3]",0.9619988723257635,1498.0,1514.0,193,Miami (OH),fbs,Mid-American,6,"[3, 0, 0, 3]",0.03800112767423647,1506.0,1490.0,5.8551319837,,,Miami (OH),False
401628455,2024,1,regular,2024-08-31T19:30:00.000Z,False,True,False,False,102011.0,3861.0,Ohio Stadium,194,Ohio State,fbs,Big Ten,52,"[7, 10, 21, 14]",0.9986109107615839,1876.0,1927.0,2006,Akron,fbs,Mid-American,6,"[3, 0, 3, 0]",0.0013890892384160747,1212.0,1161.0,4.3794847589,,,Akron,False
401628331,2024,1,regular,2024-08-31T19:30:00.000Z,False,True,False,False,99171.0,3910.0,DKR-Texas Memorial Stadium,251,Texas,fbs,SEC,52,"[7, 24, 14, 7]",0.9985585872365947,1850.0,1939.0,36,Colorado State,fbs,Mountain West,0,"[0, 0, 0, 0]",0.0014414127634052587,1350.0,1261.0,2.8170508876,,,Colorado State,False
401641015,2024,1,regular,2024-08-31T19:30:00.000Z,False,True,False,False,25911.0,3604.0,Alamodome,2636,UTSA,fbs,American Athletic,28,"[14, 7, 0, 7]",0.9928398385316319,1598.0,1613.0,338,Kennesaw State,fbs,Conference USA,16,"[3, 3, 3, 7]",0.007160161468368065,1500.0,1485.0,5.3671875296,,,Kennesaw State,False
401628322,2024,1,regular,2024-08-31T19:30:00.000Z,False,True,False,False,90544.0,3634.0,Ben Hill Griffin Stadium,57,Florida,fbs,SEC,17,"[3, 7, 0, 7]",0.0005616699198957274,1562.0,1497.0,2390,Miami,fbs,ACC,41,"[7, 17, 14, 3]",0.9994383300801043,1553.0,1618.0,2.0699906761,,,Miami,False
401634133,2024,1,regular,2024-08-31T19:30:00.000Z,False,True,False,False,36232.0,3792.0,Kidd Brewer Stadium,2026,App State,fbs,Sun Belt,38,"[10, 7, 7, 14]",0.8524195016014087,1578.0,1578.0,2193,East Tennessee State,fcs,Southern,10,"[0, 7, 3, 0]",0.14758049839859133,,,4.1701491027,,,East Tennessee State,False
401629039,2024,1,regular,2024-08-31T19:30:00.000Z,False,True,False,False,12810.0,3985.0,Warren McGuirk Alumni Stadium,113,Massachusetts,fbs,FBS Independents,14,"[0, 0, 7, 7]",0.20800758182908174,1141.0,1123.0,2199,Eastern Michigan,fbs,Mid-American,28,"[0, 14, 3, 11]",0.7919924181709183,1287.0,1305.0,4.0727246661,,,Eastern Michigan,False
401643699,2024,1,regular,2024-08-31T19:30:00.000Z,False,True,False,False,31658.0,3713.0,Falcon Stadium,2005,Air Force,fbs,Mountain West,21,"[7, 7, 0, 7]",0.9455908886537696,1572.0,1572.0,2771,Merrimack,fcs,FCS Independents,6,"[0, 0, 0, 6]",0.05440911134623039,,,6.1226509062,,,Merrimack,False
401634304,2024,1,regular,2024-08-31T19:30:00.000Z,False,True,False,False,37225.0,1964.0,JMA Wireless Dome,183,Syracuse,fbs,ACC,38,"[0, 17, 14, 7]",0.9950656709659383,1330.0,1383.0,195,Ohio,fbs,Mid-American,22,"[6, 3, 7, 6]",0.0049343290340616575,1522.0,1469.0,4.6239333254,,,Ohio,False
401634197,2024,1,regular,2024-08-31T19:30:00.000Z,False,True,False,False,56148.0,3772.0,Jack Trice Stadium,66,Iowa State,fbs,Big 12,21,"[7, 7, 0, 7]",0.9926331863922268,1612.0,1612.0,155,North Dakota,fcs,MVFC,3,"[0, 3, 0, 0]",0.007366813607773248,,,5.4436053185,,,North Dakota,False
401644731,2024,1,regular,2024-08-31T19:30:00.000Z,False,True,False,False,10828.0,3764.0,Huskie Stadium,2459,Northern Illinois,fbs,Mid-American,54,"[6, 28, 13, 7]",0.9989709146104983,1446.0,1446.0,2710,Western Illinois,fcs,Big South-OVC,15,"[3, 0, 5, 7]",0.0010290853895017493,,,3.7345812948,,,Western Illinois,False
401643700,2024,1,regular,2024-08-31T20:00:00.000Z,False,True,False,False,24134.0,3608.0,Allen E. Paulson Stadium,290,Georgia Southern,fbs,Sun Belt,45,"[0, 16, 14, 15]",0.00392352239080461,1384.0,1381.0,68,Boise State,fbs,Mountain West,56,"[14, 14, 8, 20]",0.9960764776091954,1626.0,1629.0,6.144426114,,,Boise State,False
401655628,2024,1,regular,2024-08-31T20:00:00.000Z,False,True,False,False,7342.0,2023.0,Walkup Skydome,2464,Northern Arizona,fcs,Big Sky,66,"[21, 24, 14, 7]",,,,124179,Lincoln (CA),ii,Independent DII,6,"[0, 6, 0, 0]",,,,,,,Lincoln (CA),False
401673264,2024,1,regular,2024-08-31T20:00:00.000Z,False,True,False,False,,5944.0,Ray Dennison Memorial Field,2237,Fort Lewis,ii,Rocky Mountain,20,"[3, 7, 10, 0]",,,,2911,William Jewell,ii,Great Lakes,35,"[14, 7, 7, 7]",,,,,,,William Jewell,False
401628329,2024,1,regular,2024-08-31T20:15:00.000Z,False,True,False,False,78496.0,3994.0,Williams-Brice Stadium,2579,South Carolina,fbs,SEC,23,"[10, 3, 3, 7]",0.8387262463535545,1562.0,1560.0,295,Old Dominion,fbs,Sun Belt,19,"[7, 0, 9, 3]",0.16127375364644547,1406.0,1408.0,9.802219213,,,Old Dominion,False
401628590,2024,1,regular,2024-08-31T21:00:00.000Z,False,True,False,False,25032.0,3775.0,Joan C. Edwards Stadium,276,Marshall,fbs,Sun Belt,45,"[7, 10, 7, 21]",0.9987033581715669,1406.0,1406.0,2619,Stony Brook,fcs,CAA,3,"[0, 0, 3, 0]",0.0012966418284331427,,,5.155172454,,,Stony Brook,False
401643775,2024,1,regular,2024-08-31T21:00:00.000Z,False,True,False,False,15559.0,6526.0,Hancock Whitney Stadium,6,South Alabama,fbs,Sun Belt,38,"[3, 16, 7, 12]",0.2996523883576543,1650.0,1593.0,249,North Texas,fbs,American Athletic,52,"[7, 7, 28, 10]",0.7003476116423457,1412.0,1469.0,5.6675192299,,,North Texas,False
401634301,2024,1,regular,2024-08-31T21:00:00.000Z,False,True,False,False,32275.0,3831.0,California Memorial Stadium,25,California,fbs,ACC,31,"[7, 7, 10, 7]",0.3995840361236263,1483.0,1483.0,302,UC Davis,fcs,Big Sky,13,"[6, 7, 0, 0]",0.6004159638763737,,,4.1654585599,,,UC Davis,False
401654582,2024,1,regular,2024-08-31T21:00:00.000Z,False,True,False,False,8458.0,3967.0,UNI-Dome,2460,Northern Iowa,fcs,MVFC,35,"[14, 14, 7, 0]",0.9989303323879005,,,2674,Valparaiso,fcs,Pioneer,7,"[0, 7, 0, 0]",0.0010696676120994786,,,2.7939481765,,,Valparaiso,False
401628586,2024,1,regular,2024-08-31T22:00:00.000Z,False,True,False,False,21573.0,3992.0,Williams Stadium (VA),2335,Liberty,fbs,Conference USA,41,"[7, 10, 10, 14]",0.9927279314842183,1572.0,1572.0,2097,Campbell,fcs,CAA,24,"[3, 7, 7, 7]",0.00727206851578166,,,6.1174720374,,,Campbell,False
401654844,2024,1,regular,2024-08-31T22:00:00.000Z,False,True,False,False,5831.0,3658.0,Buccaneer Field,2127,Charleston Southern,fcs,Big South-OVC,21,"[7, 7, 7, 0]",0.8519352076825446,,,2643,The Citadel,fcs,Southern,22,"[0, 3, 12, 7]",0.1480647923174554,,,6.1880340426,,,The Citadel,False
401628589,2024,1,regular,2024-08-31T22:00:00.000Z,False,True,False,False,40811.0,3923.0,Scott Stadium,258,Virginia,fbs,ACC,34,"[17, 10, 7, 0]",0.9980843477492788,1310.0,1310.0,257,Richmond,fcs,CAA,13,"[0, 7, 3, 3]",0.0019156522507212115,,,2.7590078828,,,Richmond,False
401654510,2024,1,regular,2024-08-31T22:00:00.000Z,False,True,False,False,7714.0,3620.0,Armstrong Stadium,2261,Hampton,fcs,CAA,28,"[7, 7, 7, 7]",0.28021994657174387,,,2415,Morgan State,fcs,MEAC,30,"[7, 13, 3, 7]",0.7197800534282561,,,4.5214336741,,,Morgan State,False
401628326,2024,1,regular,2024-08-31T22:00:00.000Z,False,True,False,False,48724.0,3693.0,Davis Wade Stadium,344,Mississippi State,fbs,SEC,56,"[14, 21, 7, 14]",0.9988566466839199,1447.0,1447.0,2198,Eastern Kentucky,fcs,UAC,7,"[0, 7, 0, 0]",0.0011433533160800646,,,2.5389409303,,,Eastern Kentucky,False
401645320,2024,1,regular,2024-08-31T22:00:00.000Z,False,True,False,False,36467.0,3699.0,Dowdy-Ficklen Stadium,151,East Carolina,fbs,American Athletic,42,"[14, 14, 7, 7]",0.996793527864864,1404.0,1404.0,2450,Norfolk State,fcs,MEAC,3,"[3, 0, 0, 0]",0.0032064721351360292,,,2.9668534019,,,Norfolk State,False
401632063,2024,1,regular,2024-08-31T22:00:00.000Z,False,True,False,False,4329.0,5888.0,University Stadium (GA),2698,West Georgia,fcs,UAC,38,"[14, 12, 0, 12]",,,,2535,Samford,fcs,Southern,29,"[7, 7, 15, 0]",,,,,,,Samford,False
401654497,2024,1,regular,2024-08-31T22:00:00.000Z,False,True,False,False,4271.0,3668.0,Campus Field,2529,Sacred Heart,fcs,FCS Independents,15,"[3, 3, 3, 6]",0.8346540695153016,,,2169,Delaware State,fcs,MEAC,17,"[0, 7, 0, 10]",0.16534593048469837,,,8.0814875067,,,Delaware State,False
401675804,2024,1,regular,2024-08-31T22:00:00.000Z,False,True,False,False,,3612.0,Alumni Memorial Stadium (NC),2940,Livingstone,ii,CIAA,7,"[0, 0, 0, 7]",,,,2128,University Of Charleston (WV),ii,Mountain East,38,"[14, 3, 7, 14]",,,,,,,University Of Charleston (WV),False
401674289,2024,1,regular,2024-08-31T22:00:00.000Z,False,True,False,False,,6060.0,Grace P. Johnson Stadium,2882,UNC Pembroke,ii,Mountain East,12,"[6, 0, 6, 0]",,,,351,Wingate,ii,South Atlantic,17,"[7, 0, 7, 3]",,,,,,,Wingate,False
401673044,2024,1,regular,2024-08-31T22:00:00.000Z,False,True,False,False,,4416.0,Spec Martin Municipal Stadium,56,Stetson,fcs,Pioneer,41,"[0, 6, 14, 21]",0.9281520113087053,,,3178,Ave Maria University,,,3,"[0, 3, 0, 0]",0.07184798869129472,,,5.0524259511,,,Ave Maria University,False
401636373,2024,1,regular,2024-08-31T22:00:00.000Z,False,True,False,False,15930.0,3650.0,Bragg Memorial Stadium,50,Florida A&M,fcs,SWAC,22,"[0, 7, 0, 15]",0.8470232374867032,,,2569,South Carolina State,fcs,MEAC,18,"[3, 3, 6, 6]",0.15297676251329684,,,10.7778213762,,,South Carolina State,False
401654584,2024,1,regular,2024-08-31T22:00:00.000Z,False,True,False,False,8124.0,3810.0,Nissan Stadium,2634,Tennessee State,fcs,Big South-OVC,41,"[21, 10, 0, 10]",0.9972025451899037,,,2400,Mississippi Valley State,fcs,SWAC,21,"[0, 0, 0, 21]",0.0027974548100963004,,,3.0843589537,,,Mississippi Valley State,False
401643704,2024,1,regular,2024-08-31T22:30:00.000Z,False,True,False,False,31013.0,3893.0,Reser Stadium,204,Oregon State,fbs,Pac-12,38,"[7, 10, 14, 7]",0.998356297588382,1648.0,1648.0,304,Idaho State,fcs,Big Sky,15,"[9, 0, 6, 0]",0.001643702411618042,,,4.9860304254,,,Idaho State,False
401628585,2024,1,regular,2024-08-31T23:00:00.000Z,False,True,False,False,6169.0,4419.0,Bob Ford Field,399,UAlbany,fcs,CAA,27,"[3, 14, 10, 0]",0.38990156315017305,,,2341,Long Island University,fcs,NEC,21,"[0, 14, 7, 0]",0.610098436849827,,,6.9929698709,,,Long Island University,False
401628319,2024,1,regular,2024-08-31T23:00:00.000Z,False,True,False,False,100077.0,3657.0,Bryant-Denny Stadium,333,Alabama,fbs,SEC,63,"[21, 21, 14, 7]",0.9989712511352644,1854.0,1997.0,98,Western Kentucky,fbs,Conference USA,0,"[0, 0, 0, 0]",0.0010287488647355847,1466.0,1323.0,2.8747278078,,,Western Kentucky,False
401641039,2024,1,regular,2024-08-31T23:00:00.000Z,False,True,False,False,17298.0,3895.0,Rice Stadium,242,Rice,fbs,American Athletic,14,"[0, 7, 7, 0]",0.0023638538242473322,1362.0,1314.0,2534,Sam Houston,fbs,Conference USA,34,"[17, 7, 10, 0]",0.9976361461757527,1388.0,1436.0,2.9252659073,,,Sam Houston,False
401675555,2024,1,regular,2024-08-31T23:00:00.000Z,False,True,False,True,,5917.0,Ratliff Stadium,110243,UT Permian Basin,ii,Lone Star,41,"[3, 11, 10, 17]",,,,2703,Western New Mexico,ii,Lone Star,3,"[0, 3, 0, 0]",,,,,,,Western New Mexico,False
401638359,2024,1,regular,2024-08-31T23:00:00.000Z,False,True,False,False,2257.0,3734.0,Gayle and Tom Benson Stadium,2916,Incarnate Word,fcs,Southland,28,"[7, 7, 14, 0]",0.35166933934233624,,,2458,Northern Colorado,fcs,Big Sky,7,"[7, 0, 0, 0]",0.6483306606576638,,,4.8347423353,,,Northern Colorado,False
401654565,2024,1,regular,2024-08-31T23:00:00.000Z,False,True,False,True,,5238.0,Panther Stadium,2504,Prairie View A&M,fcs,SWAC,9,"[3, 3, 3, 0]",0.05770187094167234,,,2640,Texas Southern,fcs,SWAC,27,"[10, 3, 7, 7]",0.9422981290583277,,,3.5774577562,,,Texas Southern,False
401675504,2024,1,regular,2024-08-31T23:00:00.000Z,False,True,False,False,,4851.0,Bazemore-Hyder Stadium,2673,Valdosta State,ii,Gulf South,42,"[14, 7, 14, 7]",,,,2013,Albany State GA,ii,SIAC,10,"[0, 3, 7, 0]",,,,,,,Albany State GA,False
401675508,2024,1,regular,2024-08-31T23:00:00.000Z,False,True,False,False,,3957.0,Tiger Stadium (AL),2695,West Alabama,ii,Gulf South,16,"[10, 0, 3, 3]",,,,2396,Miles College,ii,SIAC,15,"[0, 6, 3, 6]",,,,,,,Miles College,False
401643701,2024,1,regular,2024-08-31T23:00:00.000Z,False,True,False,False,27412.0,3975.0,Veterans Memorial Stadium (AL),2653,Troy,fbs,Sun Belt,26,"[7, 7, 3, 9]",0.23631786965625518,1657.0,1629.0,2440,Nevada,fbs,Mountain West,28,"[0, 6, 15, 7]",0.7636821303437449,1243.0,1271.0,5.7519487887,,,Nevada,False
401632064,2024,1,regular,2024-08-31T23:00:00.000Z,False,True,False,False,21708.0,3625.0,Centennial Bank Stadium,2032,Arkansas State,fbs,Sun Belt,34,"[6, 7, 7, 14]",0.10953996778995322,1406.0,1406.0,2110,Central Arkansas,fcs,UAC,31,"[0, 0, 10, 21]",0.8904600322100468,,,7.5174077459,,,Central Arkansas,False
401641023,2024,1,regular,2024-08-31T23:00:00.000Z,False,True,False,False,16000.0,3725.0,"Johnny ""Red"" Floyd Stadium",2393,Middle Tennessee,fbs,Conference USA,32,"[7, 14, 0, 11]",0.7402551979282983,1400.0,1400.0,2635,Tennessee Tech,fcs,Big South-OVC,25,"[0, 5, 6, 14]",0.2597448020717017,,,5.8962989451,,,Tennessee Tech,False
401645321,2024,1,regular,2024-08-31T23:00:00.000Z,False,True,False,False,25849.0,3805.0,Simmons Bank Liberty Stadium,235,Memphis,fbs,American Athletic,40,"[7, 24, 3, 6]",0.9988718236616925,1569.0,1569.0,2453,North Alabama,fcs,UAC,0,"[0, 0, 0, 0]",0.0011281763383075294,,,2.6543172393,,,North Alabama,False
401636363,2024,1,regular,2024-08-31T23:00:00.000Z,False,True,False,False,,3886.0,Raymond James Stadium,58,South Florida,fbs,American Athletic,48,"[14, 17, 17, 0]",0.9988066210712727,1442.0,1442.0,2065,Bethune-Cookman,fcs,SWAC,3,"[0, 3, 0, 0]",0.0011933789287272845,,,3.4352768308,,,Bethune-Cookman,False
401636610,2024,1,regular,2024-08-31T23:00:00.000Z,False,True,False,False,42272.0,4727.0,McLane Stadium,239,Baylor,fbs,Big 12,45,"[21, 7, 7, 10]",0.9981865367574881,1422.0,1422.0,2627,Tarleton State,fcs,UAC,3,"[0, 0, 3, 0]",0.001813463242511859,,,2.2423619189,,,Tarleton State,False
401636612,2024,1,regular,2024-08-31T23:00:00.000Z,False,True,False,False,51240.0,3636.0,Bill Snyder Family Stadium,2306,Kansas State,fbs,Big 12,41,"[14, 3, 10, 14]",0.9987372051428841,1794.0,1794.0,2630,UT Martin,fcs,Big South-OVC,6,"[0, 3, 3, 0]",0.0012627948571158898,,,3.5749005334,,,UT Martin,False
401628325,2024,1,regular,2024-08-31T23:00:00.000Z,False,True,False,False,66105.0,3974.0,Vaught-Hemingway Stadium,145,Ole Miss,fbs,SEC,76,"[24, 28, 21, 3]",0.998970933394839,1658.0,1658.0,231,Furman,fcs,Southern,0,"[0, 0, 0, 0]",0.0010290666051609998,,,2.3622487127,,,Furman,False
401628588,2024,1,regular,2024-08-31T23:00:00.000Z,False,True,False,False,5770.0,3824.0,Meade Stadium,227,Rhode Island,fcs,CAA,20,"[3, 3, 7, 7]",0.9639614468559069,,,107,Holy Cross,fcs,Patriot,17,"[0, 3, 0, 14]",0.0360385531440931,,,7.6457630689,,,Holy Cross,False
401636611,2024,1,regular,2024-08-31T23:00:00.000Z,False,True,False,False,25750.0,4728.0,TDECU Stadium,248,Houston,fbs,Big 12,7,"[0, 0, 0, 7]",0.00044267155029760745,1447.0,1402.0,2439,UNLV,fbs,Mountain West,27,"[7, 7, 10, 3]",0.9995573284497024,1496.0,1541.0,2.6012439626,,,UNLV,False
401628321,2024,1,regular,2024-08-31T23:30:00.000Z,False,True,False,False,88043.0,3785.0,Jordan-Hare Stadium,2,Auburn,fbs,SEC,73,"[28, 24, 14, 7]",0.9989705865931123,1556.0,1556.0,2010,Alabama A&M,fcs,SWAC,3,"[0, 3, 0, 0]",0.0010294134068876692,,,1.80631006,,,Alabama A&M,False
401636613,2024,1,regular,2024-08-31T23:30:00.000Z,False,True,False,False,,3784.0,Jones AT&T Stadium,2641,Texas Tech,fbs,Big 12,52,"[22, 10, 7, 6, 7]",0.2697185698282507,1541.0,1541.0,2000,Abilene Christian,fcs,UAC,51,"[7, 14, 7, 17, 6]",0.7302814301717493,,,6.7717431708,,,Abilene Christian,False
401628452,2024,1,regular,2024-08-31T23:30:00.000Z,False,True,False,False,110665.0,3558.0,Michigan Stadium,130,Michigan,fbs,Big Ten,30,"[7, 3, 3, 17]",0.9831756399028116,1973.0,1980.0,278,Fresno State,fbs,Mountain West,10,"[0, 3, 0, 7]",0.01682436009718835,1558.0,1551.0,5.3344796544,,,Fresno State,False
401628456,2024,1,regular,2024-08-31T23:30:00.000Z,False,True,False,False,57435.0,3626.0,Autzen Stadium,2483,Oregon,fbs,Big Ten,24,"[7, 7, 0, 10]",0.991552038925572,1904.0,1904.0,70,Idaho,fcs,Big Sky,14,"[0, 0, 7, 7]",0.008447961074428023,,,5.7578449174,,,Idaho,False
401628459,2024,1,regular,2024-08-31T23:30:00.000Z,False,True,False,False,15194.0,7220.0,Clarence T.C. Ching Athletics Complex,62,Hawai'i,fbs,Mountain West,13,"[7, 3, 3, 0]",0.47610717051073864,1227.0,1242.0,26,UCLA,fbs,Big Ten,16,"[0, 0, 10, 6]",0.5238928294892613,1568.0,1553.0,7.9405032105,,,UCLA,False
401628332,2024,1,regular,2024-08-31T23:30:00.000Z,False,True,False,False,,3795.0,Kyle Field,245,Texas A&M,fbs,SEC,13,"[3, 3, 0, 7]",0.08384600052782992,1681.0,1677.0,87,Notre Dame,fbs,FBS Independents,23,"[3, 3, 7, 10]",0.9161539994721701,1884.0,1888.0,6.4724625583,,,Notre Dame,False
401628324,2024,1,regular,2024-08-31T23:45:00.000Z,False,True,False,False,61627.0,3683.0,Kroger Field,96,Kentucky,fbs,SEC,31,"[7, 17, 7]",0.9982728335083515,1594.0,1640.0,2572,Southern Miss,fbs,Sun Belt,0,"[0, 0, 0]",0.0017271664916485019,1276.0,1230.0,3.9004694358,,,Southern Miss,False
401634240,2024,1,regular,2024-09-01T00:00:00.000Z,False,True,False,False,63712.0,3801.0,LaVell Edwards Stadium,252,BYU,fbs,Big 12,41,"[14, 3, 14, 10]",0.9980323653718576,1409.0,1409.0,79,Southern Illinois,fcs,MVFC,13,"[0, 6, 7, 0]",0.001967634628142423,,,5.4434212792,,,Southern Illinois,False
401655621,2024,1,regular,2024-09-01T00:00:00.000Z,False,True,False,False,5792.0,716.0,Torero Stadium,301,San Diego,fcs,Pioneer,27,"[10, 0, 7, 10]",0.992873711677404,,,13,Cal Poly,fcs,Big Sky,21,"[0, 7, 7, 7]",0.007126288322595986,,,1.0646098852,,,Cal Poly,False
401634303,2024,1,regular,2024-09-01T00:00:00.000Z,False,True,False,False,27080.0,3735.0,Gerald J. Ford Stadium,2567,SMU,fbs,ACC,59,"[28, 14, 7, 10]",0.998969374231022,1684.0,1684.0,2277,Houston Christian,fcs,Southland,7,"[0, 7, 0, 0]",0.0010306257689780551,,,2.3627806437,,,Houston Christian,False
401634302,2024,1,regular,2024-09-01T00:00:00.000Z,False,True,False,False,40113.0,721.0,Bobby Dodd Stadium,59,Georgia Tech,fbs,ACC,35,"[7, 7, 14, 7]",0.9981187226458276,1513.0,1559.0,2247,Georgia State,fbs,Sun Belt,12,"[0, 3, 9, 0]",0.0018812773541724281,1416.0,1370.0,4.1428928971,,,Georgia State,False
401636380,2024,1,regular,2024-09-01T00:00:00.000Z,False,True,False,False,23107.0,3666.0,Cajun Field,309,Louisiana,fbs,Sun Belt,40,"[7, 23, 7, 3]",0.9988776589874298,1496.0,1496.0,2755,Grambling,fcs,SWAC,10,"[0, 0, 7, 3]",0.0011223410125702493,,,2.5698612194,,,Grambling,False
401643776,2024,1,regular,2024-09-01T00:00:00.000Z,False,True,False,False,19637.0,3644.0,Bobcat Stadium (TX),326,Texas State,fbs,Sun Belt,34,"[15, 3, 3, 13]",0.9946288599523694,1399.0,1399.0,2320,Lamar,fcs,Southland,27,"[0, 0, 10, 17]",0.005371140047630618,,,5.2879661321,,,Lamar,False
401674188,2024,1,regular,2024-09-01T00:00:00.000Z,False,True,False,False,,6067.0,Carnie Smith Stadium,90,Pittsburg St,ii,Mid America,19,"[3, 3, 10, 3]",,,,2222,Ferris State,ii,GLIAC,3,"[0, 3, 0, 0]",,,,,,,Ferris State,False
401641007,2024,1,regular,2024-09-01T00:00:00.000Z,False,True,False,False,16570.0,3776.0,Joe Aillet Stadium,2348,Louisiana Tech,fbs,Conference USA,25,"[9, 6, 0, 10]",0.9450183889148043,1246.0,1246.0,2447,Nicholls,fcs,Southland,17,"[7, 3, 0, 7]",0.054981611085195725,,,8.1544022522,,,Nicholls,False
401643702,2024,1,regular,2024-09-01T00:00:00.000Z,False,True,False,False,25180.0,7311.0,Snapdragon Stadium,21,San Diego State,fbs,Mountain West,45,"[3, 0, 21, 21]",0.9978571846703512,1416.0,1416.0,2837,East Texas A&M,fcs,Southland,14,"[0, 6, 8, 0]",0.002142815329648773,,,5.6614270193,,,East Texas A&M,False
401643774,2024,1,regular,2024-09-01T00:00:00.000Z,False,True,False,False,15614.0,4418.0,Jerry Richardson Stadium,2429,Charlotte,fbs,American Athletic,7,"[0, 7, 0, 0]",0.005446284878843067,1203.0,1195.0,256,James Madison,fbs,Sun Belt,30,"[3, 6, 7, 14]",0.994553715121157,1691.0,1699.0,3.8697153913,,,James Madison,False
401654557,2024,1,regular,2024-09-01T00:00:00.000Z,False,True,False,False,17040.0,3686.0,Cowboy Stadium,2377,McNeese,fcs,Southland,21,"[0, 0, 0, 21]",0.734189397633753,,,2582,Southern,fcs,SWAC,7,"[0, 7, 0, 0]",0.265810602366247,,,6.9943771438,,,Southern,False
401641032,2024,1,regular,2024-09-01T01:00:00.000Z,False,True,False,False,10738.0,3601.0,Aggie Memorial Stadium,166,New Mexico State,fbs,Conference USA,23,"[0, 10, 0, 13]",0.8243471003450671,1432.0,1432.0,2546,Southeast Missouri State,fcs,Big South-OVC,16,"[7, 3, 3, 3]",0.17565289965493291,,,9.7322611515,,,Southeast Missouri State,False
401634180,2024,1,regular,2024-09-01T01:00:00.000Z,False,True,False,False,26482.0,3987.0,Washington-Grizzly Stadium,149,Montana,fcs,Big Sky,29,"[6, 6, 7, 10]",0.9472155609889209,,,2623,Missouri State,fcs,MVFC,24,"[7, 3, 7, 7]",0.0527844390110791,,,9.2878750119,,,Missouri State,False
401632066,2024,1,regular,2024-09-01T02:00:00.000Z,False,True,False,False,5074.0,3745.0,Greater Zion Stadium,3101,Utah Tech,fcs,UAC,7,"[0, 0, 0, 7]",0.00031165766120831094,,,147,Montana State,fcs,Big Sky,31,"[7, 7, 10, 7]",0.9996883423387917,,,2.6088898398,,,Montana State,False
401636608,2024,1,regular,2024-09-01T02:30:00.000Z,False,True,False,False,44748.0,3619.0,Arizona Stadium,12,Arizona,fbs,Big 12,61,"[14, 13, 21, 13]",0.9940463387650383,1714.0,1720.0,167,New Mexico,fbs,Mountain West,39,"[14, 10, 7, 8]",0.00595366123496166,1234.0,1228.0,5.3893321194,,,New Mexico,False
401636609,2024,1,regular,2024-09-01T02:30:00.000Z,False,True,False,False,48108.0,3947.0,Mountain America Stadium,9,Arizona State,fbs,Big 12,48,"[17, 10, 21, 0]",0.9989542679511667,1355.0,1497.0,2751,Wyoming,fbs,Mountain West,7,"[0, 0, 0, 7]",0.0010457320488332922,1496.0,1354.0,2.7724375138,,,Wyoming,False
401628460,2024,1,regular,2024-09-01T03:00:00.000Z,False,True,False,False,66984.0,3765.0,Husky Stadium,264,Washington,fbs,Big Ten,35,"[0, 14, 14, 7]",0.9984845341108322,1752.0,1752.0,2692,Weber State,fcs,Big Sky,3,"[0, 0, 3, 0]",0.001515465889167844,,,4.4433315937,,,Weber State,False
401636343,2024,1,regular,2024-09-01T19:00:00.000Z,False,True,True,False,10256.0,3948.0,Hard Rock Stadium,2011,Alabama State,fcs,SWAC,24,"[0, 14, 3, 7]",,,,2428,North Carolina Central,fcs,MEAC,31,"[7, 14, 3, 7]",,,,,,Denny's Orange Blossom Classic,North Carolina Central,False
401675386,2024,1,regular,2024-09-01T20:00:00.000Z,False,True,True,False,,3718.0,Tom Benson Hall of Fame Stadium,330,Virginia St,ii,CIAA,23,"[7, 9, 7, 0]",,,,490,Benedict College,ii,SIAC,7,"[7, 0, 0, 0]",,,,,,,Benedict College,False
401675113,2024,1,regular,2024-09-01T23:00:00.000Z,False,True,True,False,,3689.0,Cramton Bowl,2304,Johnson C Smith,ii,CIAA,21,"[7, 0, 14, 0]",,,,2657,Tuskegee,ii,SIAC,13,"[0, 7, 6, 0]",,,,,,Boeing Red Tails Classic,Tuskegee,False
401628334,2024,1,regular,2024-09-01T23:30:00.000Z,False,True,True,False,63969.0,6501.0,Allegiant Stadium,99,LSU,fbs,SEC,20,"[0, 10, 7, 3]",0.4234749874329003,1823.0,1803.0,30,USC,fbs,Big Ten,27,"[0, 10, 3, 14]",0.5765250125670998,1648.0,1668.0,6.9147509026,,Modelo Vegas Kickoff Classic,USC,False
401634306,2024,1,regular,2024-09-02T23:30:00.000Z,False,True,False,True,51719.0,3697.0,Doak Campbell Stadium,52,Florida State,fbs,ACC,13,"[0, 6, 7, 0]",0.0005637256585448198,1676.0,1610.0,103,Boston College,fbs,ACC,28,"[0, 14, 14, 0]",0.9994362743414552,1396.0,1462.0,3.1169184692,,,Boston College,False
