game_id,date,home_team,away_team,bookmaker,team,moneyline_odds
c49986aa8731de6e3c1723d9f8e91e02,2025-12-23T19:05:31Z,Louisville Cardinals,Toledo Rockets,FanDuel,Louisville Cardinals,1.12
c49986aa8731de6e3c1723d9f8e91e02,2025-12-23T19:05:31Z,Louisville Cardinals,Toledo Rockets,FanDuel,Toledo Rockets,6.0
c49986aa8731de6e3c1723d9f8e91e02,2025-12-23T19:05:31Z,Louisville Cardinals,Toledo Rockets,DraftKings,Louisville Cardinals,1.09
c49986aa8731de6e3c1723d9f8e91e02,2025-12-23T19:05:31Z,Louisville Cardinals,Toledo Rockets,DraftKings,Toledo Rockets,7.5
c49986aa8731de6e3c1723d9f8e91e02,2025-12-23T19:05:31Z,Louisville Cardinals,Toledo Rockets,BetMGM,Louisville Cardinals,1.09
c49986aa8731de6e3c1723d9f8e91e02,2025-12-23T19:05:31Z,Louisville Cardinals,Toledo Rockets,BetMGM,Toledo Rockets,7.25
c49986aa8731de6e3c1723d9f8e91e02,2025-12-23T19:05:31Z,Louisville Cardinals,Toledo Rockets,Bovada,Louisville Cardinals,1.13
c49986aa8731de6e3c1723d9f8e91e02,2025-12-23T19:05:31Z,Louisville Cardinals,Toledo Rockets,Bovada,Toledo Rockets,5.5
cb6e1250fee631fee65cd81bba1a2a0a,2025-12-23T22:30:00Z,Southern Mississippi Golden Eagles,Western Kentucky Hilltoppers,DraftKings,Southern Mississippi Golden Eagles,1.77
cb6e1250fee631fee65cd81bba1a2a0a,2025-12-23T22:30:00Z,Southern Mississippi Golden Eagles,Western Kentucky Hilltoppers,DraftKings,Western Kentucky Hilltoppers,2.1
cb6e1250fee631fee65cd81bba1a2a0a,2025-12-23T22:30:00Z,Southern Mississippi Golden Eagles,Western Kentucky Hilltoppers,FanDuel,Southern Mississippi Golden Eagles,1.79
cb6e1250fee631fee65cd81bba1a2a0a,2025-12-23T22:30:00Z,Southern Mississippi Golden Eagles,Western Kentucky Hilltoppers,FanDuel,Western Kentucky Hilltoppers,2.08
cb6e1250fee631fee65cd81bba1a2a0a,2025-12-23T22:30:00Z,Southern Mississippi Golden Eagles,Western Kentucky Hilltoppers,LowVig.ag,Southern Mississippi Golden Eagles,1.75
cb6e1250fee631fee65cd81bba1a2a0a,2025-12-23T22:30:00Z,Southern Mississippi Golden Eagles,Western Kentucky Hilltoppers,LowVig.ag,Western Kentucky Hilltoppers,2.13
cb6e1250fee631fee65cd81bba1a2a0a,2025-12-23T22:30:00Z,Southern Mississippi Golden Eagles,Western Kentucky Hilltoppers,BetOnline.ag,Southern Mississippi Golden Eagles,1.75
cb6e1250fee631fee65cd81bba1a2a0a,2025-12-23T22:30:00Z,Southern Mississippi Golden Eagles,Western Kentucky Hilltoppers,BetOnline.ag,Western Kentucky Hilltoppers,2.13
cb6e1250fee631fee65cd81bba1a2a0a,2025-12-23T22:30:00Z,Southern Mississippi Golden Eagles,Western Kentucky Hilltoppers,BetMGM,Southern Mississippi Golden Eagles,1.77
cb6e1250fee631fee65cd81bba1a2a0a,2025-12-23T22:30:00Z,Southern Mississippi Golden Eagles,Western Kentucky Hilltoppers,BetMGM,Western Kentucky Hilltoppers,2.1
cb6e1250fee631fee65cd81bba1a2a0a,2025-12-23T22:30:00Z,Southern Mississippi Golden Eagles,Western Kentucky Hilltoppers,BetUS,Southern Mississippi Golden Eagles,1.74
cb6e1250fee631fee65cd81bba1a2a0a,2025-12-23T22:30:00Z,Southern Mississippi Golden Eagles,Western Kentucky Hilltoppers,BetUS,Western Kentucky Hilltoppers,2.15
cb6e1250fee631fee65cd81bba1a2a0a,2025-12-23T22:30:00Z,Southern Mississippi Golden Eagles,Western Kentucky Hilltoppers,BetRivers,Southern Mississippi Golden Eagles,1.74
cb6e1250fee631fee65cd81bba1a2a0a,2025-12-23T22:30:00Z,Southern Mississippi Golden Eagles,Western Kentucky Hilltoppers,BetRivers,Western Kentucky Hilltoppers,2.08
cb6e1250fee631fee65cd81bba1a2a0a,2025-12-23T22:30:00Z,Southern Mississippi Golden Eagles,Western Kentucky Hilltoppers,Bovada,Southern Mississippi Golden Eagles,2.1
cb6e1250fee631fee65cd81bba1a2a0a,2025-12-23T22:30:00Z,Southern Mississippi Golden Eagles,Western Kentucky Hilltoppers,Bovada,Western Kentucky Hilltoppers,1.77
f518da1ee37719512dc3a4de4631332c,2025-12-24T02:00:00Z,Ohio Bobcats,UNLV Rebels,FanDuel,Ohio Bobcats,3.05
f518da1ee37719512dc3a4de4631332c,2025-12-24T02:00:00Z,Ohio Bobcats,UNLV Rebels,FanDuel,UNLV Rebels,1.41
f518da1ee37719512dc3a4de4631332c,2025-12-24T02:00:00Z,Ohio Bobcats,UNLV Rebels,DraftKings,Ohio Bobcats,3.15
f518da1ee37719512dc3a4de4631332c,2025-12-24T02:00:00Z,Ohio Bobcats,UNLV Rebels,DraftKings,UNLV Rebels,1.38
f518da1ee37719512dc3a4de4631332c,2025-12-24T02:00:00Z,Ohio Bobcats,UNLV Rebels,LowVig.ag,Ohio Bobcats,3.19
f518da1ee37719512dc3a4de4631332c,2025-12-24T02:00:00Z,Ohio Bobcats,UNLV Rebels,LowVig.ag,UNLV Rebels,1.38
f518da1ee37719512dc3a4de4631332c,2025-12-24T02:00:00Z,Ohio Bobcats,UNLV Rebels,BetOnline.ag,Ohio Bobcats,3.19
f518da1ee37719512dc3a4de4631332c,2025-12-24T02:00:00Z,Ohio Bobcats,UNLV Rebels,BetOnline.ag,UNLV Rebels,1.38
f518da1ee37719512dc3a4de4631332c,2025-12-24T02:00:00Z,Ohio Bobcats,UNLV Rebels,BetMGM,Ohio Bobcats,3.2
f518da1ee37719512dc3a4de4631332c,2025-12-24T02:00:00Z,Ohio Bobcats,UNLV Rebels,BetMGM,UNLV Rebels,1.36
f518da1ee37719512dc3a4de4631332c,2025-12-24T02:00:00Z,Ohio Bobcats,UNLV Rebels,BetUS,Ohio Bobcats,3.1
f518da1ee37719512dc3a4de4631332c,2025-12-24T02:00:00Z,Ohio Bobcats,UNLV Rebels,BetUS,UNLV Rebels,1.4
f518da1ee37719512dc3a4de4631332c,2025-12-24T02:00:00Z,Ohio Bobcats,UNLV Rebels,BetRivers,Ohio Bobcats,2.95
f518da1ee37719512dc3a4de4631332c,2025-12-24T02:00:00Z,Ohio Bobcats,UNLV Rebels,BetRivers,UNLV Rebels,1.4
f518da1ee37719512dc3a4de4631332c,2025-12-24T02:00:00Z,Ohio Bobcats,UNLV Rebels,Bovada,Ohio Bobcats,3.15
f518da1ee37719512dc3a4de4631332c,2025-12-24T02:00:00Z,Ohio Bobcats,UNLV Rebels,Bovada,UNLV Rebels,1.38
a1dd323522b56837490d61ace49a97e0,2025-12-25T01:00:00Z,Hawaii Rainbow Warriors,California Golden Bears,FanDuel,California Golden Bears,1.98
a1dd323522b56837490d61ace49a97e0,2025-12-25T01:00:00Z,Hawaii Rainbow Warriors,California Golden Bears,FanDuel,Hawaii Rainbow Warriors,1.86
a1dd323522b56837490d61ace49a97e0,2025-12-25T01:00:00Z,Hawaii Rainbow Warriors,California Golden Bears,LowVig.ag,California Golden Bears,2.0
a1dd323522b56837490d61ace49a97e0,2025-12-25T01:00:00Z,Hawaii Rainbow Warriors,California Golden Bears,LowVig.ag,Hawaii Rainbow Warriors,1.83
a1dd323522b56837490d61ace49a97e0,2025-12-25T01:00:00Z,Hawaii Rainbow Warriors,California Golden Bears,BetOnline.ag,California Golden Bears,2.0
a1dd323522b56837490d61ace49a97e0,2025-12-25T01:00:00Z,Hawaii Rainbow Warriors,California Golden Bears,BetOnline.ag,Hawaii Rainbow Warriors,1.83
a1dd323522b56837490d61ace49a97e0,2025-12-25T01:00:00Z,Hawaii Rainbow Warriors,California Golden Bears,DraftKings,California Golden Bears,1.98
a1dd323522b56837490d61ace49a97e0,2025-12-25T01:00:00Z,Hawaii Rainbow Warriors,California Golden Bears,DraftKings,Hawaii Rainbow Warriors,1.85
a1dd323522b56837490d61ace49a97e0,2025-12-25T01:00:00Z,Hawaii Rainbow Warriors,California Golden Bears,BetMGM,California Golden Bears,1.95
a1dd323522b56837490d61ace49a97e0,2025-12-25T01:00:00Z,Hawaii Rainbow Warriors,California Golden Bears,BetMGM,Hawaii Rainbow Warriors,1.87
a1dd323522b56837490d61ace49a97e0,2025-12-25T01:00:00Z,Hawaii Rainbow Warriors,California Golden Bears,BetUS,California Golden Bears,2.0
a1dd323522b56837490d61ace49a97e0,2025-12-25T01:00:00Z,Hawaii Rainbow Warriors,California Golden Bears,BetUS,Hawaii Rainbow Warriors,1.83
a1dd323522b56837490d61ace49a97e0,2025-12-25T01:00:00Z,Hawaii Rainbow Warriors,California Golden Bears,BetRivers,California Golden Bears,2.02
a1dd323522b56837490d61ace49a97e0,2025-12-25T01:00:00Z,Hawaii Rainbow Warriors,California Golden Bears,BetRivers,Hawaii Rainbow Warriors,1.8
a1dd323522b56837490d61ace49a97e0,2025-12-25T01:00:00Z,Hawaii Rainbow Warriors,California Golden Bears,Bovada,California Golden Bears,1.91
a1dd323522b56837490d61ace49a97e0,2025-12-25T01:00:00Z,Hawaii Rainbow Warriors,California Golden Bears,Bovada,Hawaii Rainbow Warriors,1.91
d9708069a1f10ee1e65510b3ddcf2a21,2025-12-26T18:00:00Z,Northwestern Wildcats,Central Michigan Chippewas,FanDuel,Central Michigan Chippewas,4.5
d9708069a1f10ee1e65510b3ddcf2a21,2025-12-26T18:00:00Z,Northwestern Wildcats,Central Michigan Chippewas,FanDuel,Northwestern Wildcats,1.22
d9708069a1f10ee1e65510b3ddcf2a21,2025-12-26T18:00:00Z,Northwestern Wildcats,Central Michigan Chippewas,DraftKings,Central Michigan Chippewas,4.1
d9708069a1f10ee1e65510b3ddcf2a21,2025-12-26T18:00:00Z,Northwestern Wildcats,Central Michigan Chippewas,DraftKings,Northwestern Wildcats,1.25
d9708069a1f10ee1e65510b3ddcf2a21,2025-12-26T18:00:00Z,Northwestern Wildcats,Central Michigan Chippewas,LowVig.ag,Central Michigan Chippewas,4.27
d9708069a1f10ee1e65510b3ddcf2a21,2025-12-26T18:00:00Z,Northwestern Wildcats,Central Michigan Chippewas,LowVig.ag,Northwestern Wildcats,1.24
d9708069a1f10ee1e65510b3ddcf2a21,2025-12-26T18:00:00Z,Northwestern Wildcats,Central Michigan Chippewas,BetOnline.ag,Central Michigan Chippewas,4.27
d9708069a1f10ee1e65510b3ddcf2a21,2025-12-26T18:00:00Z,Northwestern Wildcats,Central Michigan Chippewas,BetOnline.ag,Northwestern Wildcats,1.24
d9708069a1f10ee1e65510b3ddcf2a21,2025-12-26T18:00:00Z,Northwestern Wildcats,Central Michigan Chippewas,BetMGM,Central Michigan Chippewas,4.2
d9708069a1f10ee1e65510b3ddcf2a21,2025-12-26T18:00:00Z,Northwestern Wildcats,Central Michigan Chippewas,BetMGM,Northwestern Wildcats,1.24
d9708069a1f10ee1e65510b3ddcf2a21,2025-12-26T18:00:00Z,Northwestern Wildcats,Central Michigan Chippewas,BetUS,Central Michigan Chippewas,4.3
d9708069a1f10ee1e65510b3ddcf2a21,2025-12-26T18:00:00Z,Northwestern Wildcats,Central Michigan Chippewas,BetUS,Northwestern Wildcats,1.24
d9708069a1f10ee1e65510b3ddcf2a21,2025-12-26T18:00:00Z,Northwestern Wildcats,Central Michigan Chippewas,BetRivers,Central Michigan Chippewas,4.1
d9708069a1f10ee1e65510b3ddcf2a21,2025-12-26T18:00:00Z,Northwestern Wildcats,Central Michigan Chippewas,BetRivers,Northwestern Wildcats,1.23
d9708069a1f10ee1e65510b3ddcf2a21,2025-12-26T18:00:00Z,Northwestern Wildcats,Central Michigan Chippewas,Bovada,Central Michigan Chippewas,4.2
d9708069a1f10ee1e65510b3ddcf2a21,2025-12-26T18:00:00Z,Northwestern Wildcats,Central Michigan Chippewas,Bovada,Northwestern Wildcats,1.23
3be9156167b64ba9f0510a1a47caf12c,2025-12-26T21:30:00Z,Minnesota Golden Gophers,New Mexico Lobos,DraftKings,Minnesota Golden Gophers,1.77
3be9156167b64ba9f0510a1a47caf12c,2025-12-26T21:30:00Z,Minnesota Golden Gophers,New Mexico Lobos,DraftKings,New Mexico Lobos,2.1
3be9156167b64ba9f0510a1a47caf12c,2025-12-26T21:30:00Z,Minnesota Golden Gophers,New Mexico Lobos,BetOnline.ag,Minnesota Golden Gophers,1.77
3be9156167b64ba9f0510a1a47caf12c,2025-12-26T21:30:00Z,Minnesota Golden Gophers,New Mexico Lobos,BetOnline.ag,New Mexico Lobos,2.1
3be9156167b64ba9f0510a1a47caf12c,2025-12-26T21:30:00Z,Minnesota Golden Gophers,New Mexico Lobos,LowVig.ag,Minnesota Golden Gophers,1.77
3be9156167b64ba9f0510a1a47caf12c,2025-12-26T21:30:00Z,Minnesota Golden Gophers,New Mexico Lobos,LowVig.ag,New Mexico Lobos,2.1
3be9156167b64ba9f0510a1a47caf12c,2025-12-26T21:30:00Z,Minnesota Golden Gophers,New Mexico Lobos,FanDuel,Minnesota Golden Gophers,1.77
3be9156167b64ba9f0510a1a47caf12c,2025-12-26T21:30:00Z,Minnesota Golden Gophers,New Mexico Lobos,FanDuel,New Mexico Lobos,2.08
3be9156167b64ba9f0510a1a47caf12c,2025-12-26T21:30:00Z,Minnesota Golden Gophers,New Mexico Lobos,BetMGM,Minnesota Golden Gophers,1.8
3be9156167b64ba9f0510a1a47caf12c,2025-12-26T21:30:00Z,Minnesota Golden Gophers,New Mexico Lobos,BetMGM,New Mexico Lobos,2.05
3be9156167b64ba9f0510a1a47caf12c,2025-12-26T21:30:00Z,Minnesota Golden Gophers,New Mexico Lobos,BetUS,Minnesota Golden Gophers,1.77
3be9156167b64ba9f0510a1a47caf12c,2025-12-26T21:30:00Z,Minnesota Golden Gophers,New Mexico Lobos,BetUS,New Mexico Lobos,2.1
3be9156167b64ba9f0510a1a47caf12c,2025-12-26T21:30:00Z,Minnesota Golden Gophers,New Mexico Lobos,BetRivers,Minnesota Golden Gophers,1.78
3be9156167b64ba9f0510a1a47caf12c,2025-12-26T21:30:00Z,Minnesota Golden Gophers,New Mexico Lobos,BetRivers,New Mexico Lobos,2.04
11fe13524675e4250d66d78223cf7671,2025-12-27T01:00:00Z,UTSA Roadrunners,Florida International Panthers,DraftKings,Florida International Panthers,2.9
11fe13524675e4250d66d78223cf7671,2025-12-27T01:00:00Z,UTSA Roadrunners,Florida International Panthers,DraftKings,UTSA Roadrunners,1.43
11fe13524675e4250d66d78223cf7671,2025-12-27T01:00:00Z,UTSA Roadrunners,Florida International Panthers,LowVig.ag,Florida International Panthers,3.0
11fe13524675e4250d66d78223cf7671,2025-12-27T01:00:00Z,UTSA Roadrunners,Florida International Panthers,LowVig.ag,UTSA Roadrunners,1.42
11fe13524675e4250d66d78223cf7671,2025-12-27T01:00:00Z,UTSA Roadrunners,Florida International Panthers,BetOnline.ag,Florida International Panthers,3.0
11fe13524675e4250d66d78223cf7671,2025-12-27T01:00:00Z,UTSA Roadrunners,Florida International Panthers,BetOnline.ag,UTSA Roadrunners,1.42
11fe13524675e4250d66d78223cf7671,2025-12-27T01:00:00Z,UTSA Roadrunners,Florida International Panthers,FanDuel,Florida International Panthers,2.88
11fe13524675e4250d66d78223cf7671,2025-12-27T01:00:00Z,UTSA Roadrunners,Florida International Panthers,FanDuel,UTSA Roadrunners,1.43
11fe13524675e4250d66d78223cf7671,2025-12-27T01:00:00Z,UTSA Roadrunners,Florida International Panthers,BetMGM,Florida International Panthers,3.0
11fe13524675e4250d66d78223cf7671,2025-12-27T01:00:00Z,UTSA Roadrunners,Florida International Panthers,BetMGM,UTSA Roadrunners,1.4
11fe13524675e4250d66d78223cf7671,2025-12-27T01:00:00Z,UTSA Roadrunners,Florida International Panthers,BetUS,Florida International Panthers,3.03
11fe13524675e4250d66d78223cf7671,2025-12-27T01:00:00Z,UTSA Roadrunners,Florida International Panthers,BetUS,UTSA Roadrunners,1.42
11fe13524675e4250d66d78223cf7671,2025-12-27T01:00:00Z,UTSA Roadrunners,Florida International Panthers,BetRivers,Florida International Panthers,2.88
11fe13524675e4250d66d78223cf7671,2025-12-27T01:00:00Z,UTSA Roadrunners,Florida International Panthers,BetRivers,UTSA Roadrunners,1.42
ba41a4804a7569be6b43e49e1c4e29d9,2025-12-27T16:00:00Z,East Carolina Pirates,Pittsburgh Panthers,FanDuel,East Carolina Pirates,3.7
ba41a4804a7569be6b43e49e1c4e29d9,2025-12-27T16:00:00Z,East Carolina Pirates,Pittsburgh Panthers,FanDuel,Pittsburgh Panthers,1.29
ba41a4804a7569be6b43e49e1c4e29d9,2025-12-27T16:00:00Z,East Carolina Pirates,Pittsburgh Panthers,DraftKings,East Carolina Pirates,3.95
ba41a4804a7569be6b43e49e1c4e29d9,2025-12-27T16:00:00Z,East Carolina Pirates,Pittsburgh Panthers,DraftKings,Pittsburgh Panthers,1.27
ba41a4804a7569be6b43e49e1c4e29d9,2025-12-27T16:00:00Z,East Carolina Pirates,Pittsburgh Panthers,LowVig.ag,East Carolina Pirates,3.74
ba41a4804a7569be6b43e49e1c4e29d9,2025-12-27T16:00:00Z,East Carolina Pirates,Pittsburgh Panthers,LowVig.ag,Pittsburgh Panthers,1.29
ba41a4804a7569be6b43e49e1c4e29d9,2025-12-27T16:00:00Z,East Carolina Pirates,Pittsburgh Panthers,BetOnline.ag,East Carolina Pirates,3.74
ba41a4804a7569be6b43e49e1c4e29d9,2025-12-27T16:00:00Z,East Carolina Pirates,Pittsburgh Panthers,BetOnline.ag,Pittsburgh Panthers,1.29
ba41a4804a7569be6b43e49e1c4e29d9,2025-12-27T16:00:00Z,East Carolina Pirates,Pittsburgh Panthers,BetMGM,East Carolina Pirates,3.8
ba41a4804a7569be6b43e49e1c4e29d9,2025-12-27T16:00:00Z,East Carolina Pirates,Pittsburgh Panthers,BetMGM,Pittsburgh Panthers,1.29
ba41a4804a7569be6b43e49e1c4e29d9,2025-12-27T16:00:00Z,East Carolina Pirates,Pittsburgh Panthers,BetUS,East Carolina Pirates,3.75
ba41a4804a7569be6b43e49e1c4e29d9,2025-12-27T16:00:00Z,East Carolina Pirates,Pittsburgh Panthers,BetUS,Pittsburgh Panthers,1.29
ba41a4804a7569be6b43e49e1c4e29d9,2025-12-27T16:00:00Z,East Carolina Pirates,Pittsburgh Panthers,BetRivers,East Carolina Pirates,3.75
ba41a4804a7569be6b43e49e1c4e29d9,2025-12-27T16:00:00Z,East Carolina Pirates,Pittsburgh Panthers,BetRivers,Pittsburgh Panthers,1.27
ba41a4804a7569be6b43e49e1c4e29d9,2025-12-27T16:00:00Z,East Carolina Pirates,Pittsburgh Panthers,Bovada,East Carolina Pirates,3.75
ba41a4804a7569be6b43e49e1c4e29d9,2025-12-27T16:00:00Z,East Carolina Pirates,Pittsburgh Panthers,Bovada,Pittsburgh Panthers,1.29
2c37fe48857bfd4f7e8fa4a4c066ca2f,2025-12-27T17:00:00Z,Clemson Tigers,Penn State Nittany Lions,FanDuel,Clemson Tigers,1.64
2c37fe48857bfd4f7e8fa4a4c066ca2f,2025-12-27T17:00:00Z,Clemson Tigers,Penn State Nittany Lions,FanDuel,Penn State Nittany Lions,2.3
2c37fe48857bfd4f7e8fa4a4c066ca2f,2025-12-27T17:00:00Z,Clemson Tigers,Penn State Nittany Lions,DraftKings,Clemson Tigers,1.59
2c37fe48857bfd4f7e8fa4a4c066ca2f,2025-12-27T17:00:00Z,Clemson Tigers,Penn State Nittany Lions,DraftKings,Penn State Nittany Lions,2.42
2c37fe48857bfd4f7e8fa4a4c066ca2f,2025-12-27T17:00:00Z,Clemson Tigers,Penn State Nittany Lions,BetOnline.ag,Clemson Tigers,1.62
2c37fe48857bfd4f7e8fa4a4c066ca2f,2025-12-27T17:00:00Z,Clemson Tigers,Penn State Nittany Lions,BetOnline.ag,Penn State Nittany Lions,2.42
2c37fe48857bfd4f7e8fa4a4c066ca2f,2025-12-27T17:00:00Z,Clemson Tigers,Penn State Nittany Lions,LowVig.ag,Clemson Tigers,1.62
2c37fe48857bfd4f7e8fa4a4c066ca2f,2025-12-27T17:00:00Z,Clemson Tigers,Penn State Nittany Lions,LowVig.ag,Penn State Nittany Lions,2.42
2c37fe48857bfd4f7e8fa4a4c066ca2f,2025-12-27T17:00:00Z,Clemson Tigers,Penn State Nittany Lions,BetMGM,Clemson Tigers,1.61
2c37fe48857bfd4f7e8fa4a4c066ca2f,2025-12-27T17:00:00Z,Clemson Tigers,Penn State Nittany Lions,BetMGM,Penn State Nittany Lions,2.4
2c37fe48857bfd4f7e8fa4a4c066ca2f,2025-12-27T17:00:00Z,Clemson Tigers,Penn State Nittany Lions,BetUS,Clemson Tigers,1.59
2c37fe48857bfd4f7e8fa4a4c066ca2f,2025-12-27T17:00:00Z,Clemson Tigers,Penn State Nittany Lions,BetUS,Penn State Nittany Lions,2.46
2c37fe48857bfd4f7e8fa4a4c066ca2f,2025-12-27T17:00:00Z,Clemson Tigers,Penn State Nittany Lions,BetRivers,Clemson Tigers,1.6
2c37fe48857bfd4f7e8fa4a4c066ca2f,2025-12-27T17:00:00Z,Clemson Tigers,Penn State Nittany Lions,BetRivers,Penn State Nittany Lions,2.3
2c37fe48857bfd4f7e8fa4a4c066ca2f,2025-12-27T17:00:00Z,Clemson Tigers,Penn State Nittany Lions,Bovada,Clemson Tigers,1.59
2c37fe48857bfd4f7e8fa4a4c066ca2f,2025-12-27T17:00:00Z,Clemson Tigers,Penn State Nittany Lions,Bovada,Penn State Nittany Lions,2.45
f673c68e1b8e73ab2a4b07b8194cb030,2025-12-27T19:15:00Z,Army Black Knights,UConn Huskies,DraftKings,Army Black Knights,1.31
f673c68e1b8e73ab2a4b07b8194cb030,2025-12-27T19:15:00Z,Army Black Knights,UConn Huskies,DraftKings,UConn Huskies,3.6
f673c68e1b8e73ab2a4b07b8194cb030,2025-12-27T19:15:00Z,Army Black Knights,UConn Huskies,BetOnline.ag,Army Black Knights,1.31
f673c68e1b8e73ab2a4b07b8194cb030,2025-12-27T19:15:00Z,Army Black Knights,UConn Huskies,BetOnline.ag,UConn Huskies,3.6
f673c68e1b8e73ab2a4b07b8194cb030,2025-12-27T19:15:00Z,Army Black Knights,UConn Huskies,LowVig.ag,Army Black Knights,1.31
f673c68e1b8e73ab2a4b07b8194cb030,2025-12-27T19:15:00Z,Army Black Knights,UConn Huskies,LowVig.ag,UConn Huskies,3.6
f673c68e1b8e73ab2a4b07b8194cb030,2025-12-27T19:15:00Z,Army Black Knights,UConn Huskies,FanDuel,Army Black Knights,1.29
f673c68e1b8e73ab2a4b07b8194cb030,2025-12-27T19:15:00Z,Army Black Knights,UConn Huskies,FanDuel,UConn Huskies,3.7
f673c68e1b8e73ab2a4b07b8194cb030,2025-12-27T19:15:00Z,Army Black Knights,UConn Huskies,BetMGM,Army Black Knights,1.33
f673c68e1b8e73ab2a4b07b8194cb030,2025-12-27T19:15:00Z,Army Black Knights,UConn Huskies,BetMGM,UConn Huskies,3.5
f673c68e1b8e73ab2a4b07b8194cb030,2025-12-27T19:15:00Z,Army Black Knights,UConn Huskies,BetUS,Army Black Knights,1.31
f673c68e1b8e73ab2a4b07b8194cb030,2025-12-27T19:15:00Z,Army Black Knights,UConn Huskies,BetUS,UConn Huskies,3.6
f673c68e1b8e73ab2a4b07b8194cb030,2025-12-27T19:15:00Z,Army Black Knights,UConn Huskies,BetRivers,Army Black Knights,1.29
f673c68e1b8e73ab2a4b07b8194cb030,2025-12-27T19:15:00Z,Army Black Knights,UConn Huskies,BetRivers,UConn Huskies,3.6
f673c68e1b8e73ab2a4b07b8194cb030,2025-12-27T19:15:00Z,Army Black Knights,UConn Huskies,Bovada,Army Black Knights,1.32
f673c68e1b8e73ab2a4b07b8194cb030,2025-12-27T19:15:00Z,Army Black Knights,UConn Huskies,Bovada,UConn Huskies,3.55
9c639867b2791002bb123f03e36d3ea5,2025-12-27T20:30:00Z,BYU Cougars,Georgia Tech Yellow Jackets,FanDuel,BYU Cougars,1.52
9c639867b2791002bb123f03e36d3ea5,2025-12-27T20:30:00Z,BYU Cougars,Georgia Tech Yellow Jackets,FanDuel,Georgia Tech Yellow Jackets,2.58
9c639867b2791002bb123f03e36d3ea5,2025-12-27T20:30:00Z,BYU Cougars,Georgia Tech Yellow Jackets,DraftKings,BYU Cougars,1.52
9c639867b2791002bb123f03e36d3ea5,2025-12-27T20:30:00Z,BYU Cougars,Georgia Tech Yellow Jackets,DraftKings,Georgia Tech Yellow Jackets,2.6
9c639867b2791002bb123f03e36d3ea5,2025-12-27T20:30:00Z,BYU Cougars,Georgia Tech Yellow Jackets,BetOnline.ag,BYU Cougars,1.54
9c639867b2791002bb123f03e36d3ea5,2025-12-27T20:30:00Z,BYU Cougars,Georgia Tech Yellow Jackets,BetOnline.ag,Georgia Tech Yellow Jackets,2.61
9c639867b2791002bb123f03e36d3ea5,2025-12-27T20:30:00Z,BYU Cougars,Georgia Tech Yellow Jackets,LowVig.ag,BYU Cougars,1.54
9c639867b2791002bb123f03e36d3ea5,2025-12-27T20:30:00Z,BYU Cougars,Georgia Tech Yellow Jackets,LowVig.ag,Georgia Tech Yellow Jackets,2.61
9c639867b2791002bb123f03e36d3ea5,2025-12-27T20:30:00Z,BYU Cougars,Georgia Tech Yellow Jackets,BetMGM,BYU Cougars,1.5
9c639867b2791002bb123f03e36d3ea5,2025-12-27T20:30:00Z,BYU Cougars,Georgia Tech Yellow Jackets,BetMGM,Georgia Tech Yellow Jackets,2.65
9c639867b2791002bb123f03e36d3ea5,2025-12-27T20:30:00Z,BYU Cougars,Georgia Tech Yellow Jackets,BetUS,BYU Cougars,1.53
9c639867b2791002bb123f03e36d3ea5,2025-12-27T20:30:00Z,BYU Cougars,Georgia Tech Yellow Jackets,BetUS,Georgia Tech Yellow Jackets,2.63
9c639867b2791002bb123f03e36d3ea5,2025-12-27T20:30:00Z,BYU Cougars,Georgia Tech Yellow Jackets,BetRivers,BYU Cougars,1.51
9c639867b2791002bb123f03e36d3ea5,2025-12-27T20:30:00Z,BYU Cougars,Georgia Tech Yellow Jackets,BetRivers,Georgia Tech Yellow Jackets,2.55
9c639867b2791002bb123f03e36d3ea5,2025-12-27T20:30:00Z,BYU Cougars,Georgia Tech Yellow Jackets,Bovada,BYU Cougars,1.51
9c639867b2791002bb123f03e36d3ea5,2025-12-27T20:30:00Z,BYU Cougars,Georgia Tech Yellow Jackets,Bovada,Georgia Tech Yellow Jackets,2.65
93bf74b692cc8ddf5be89a25df954d5a,2025-12-27T21:30:00Z,Fresno State Bulldogs,Miami (OH) RedHawks,DraftKings,Fresno State Bulldogs,1.46
93bf74b692cc8ddf5be89a25df954d5a,2025-12-27T21:30:00Z,Fresno State Bulldogs,Miami (OH) RedHawks,DraftKings,Miami (OH) RedHawks,2.8
93bf74b692cc8ddf5be89a25df954d5a,2025-12-27T21:30:00Z,Fresno State Bulldogs,Miami (OH) RedHawks,FanDuel,Fresno State Bulldogs,1.47
93bf74b692cc8ddf5be89a25df954d5a,2025-12-27T21:30:00Z,Fresno State Bulldogs,Miami (OH) RedHawks,FanDuel,Miami (OH) RedHawks,2.76
93bf74b692cc8ddf5be89a25df954d5a,2025-12-27T21:30:00Z,Fresno State Bulldogs,Miami (OH) RedHawks,BetOnline.ag,Fresno State Bulldogs,1.48
93bf74b692cc8ddf5be89a25df954d5a,2025-12-27T21:30:00Z,Fresno State Bulldogs,Miami (OH) RedHawks,BetOnline.ag,Miami (OH) RedHawks,2.8
93bf74b692cc8ddf5be89a25df954d5a,2025-12-27T21:30:00Z,Fresno State Bulldogs,Miami (OH) RedHawks,LowVig.ag,Fresno State Bulldogs,1.48
93bf74b692cc8ddf5be89a25df954d5a,2025-12-27T21:30:00Z,Fresno State Bulldogs,Miami (OH) RedHawks,LowVig.ag,Miami (OH) RedHawks,2.8
93bf74b692cc8ddf5be89a25df954d5a,2025-12-27T21:30:00Z,Fresno State Bulldogs,Miami (OH) RedHawks,BetMGM,Fresno State Bulldogs,1.45
93bf74b692cc8ddf5be89a25df954d5a,2025-12-27T21:30:00Z,Fresno State Bulldogs,Miami (OH) RedHawks,BetMGM,Miami (OH) RedHawks,2.8
93bf74b692cc8ddf5be89a25df954d5a,2025-12-27T21:30:00Z,Fresno State Bulldogs,Miami (OH) RedHawks,BetUS,Fresno State Bulldogs,1.48
93bf74b692cc8ddf5be89a25df954d5a,2025-12-27T21:30:00Z,Fresno State Bulldogs,Miami (OH) RedHawks,BetUS,Miami (OH) RedHawks,2.8
93bf74b692cc8ddf5be89a25df954d5a,2025-12-27T21:30:00Z,Fresno State Bulldogs,Miami (OH) RedHawks,BetRivers,Fresno State Bulldogs,1.5
93bf74b692cc8ddf5be89a25df954d5a,2025-12-27T21:30:00Z,Fresno State Bulldogs,Miami (OH) RedHawks,BetRivers,Miami (OH) RedHawks,2.6
93bf74b692cc8ddf5be89a25df954d5a,2025-12-27T21:30:00Z,Fresno State Bulldogs,Miami (OH) RedHawks,Bovada,Fresno State Bulldogs,1.45
93bf74b692cc8ddf5be89a25df954d5a,2025-12-27T21:30:00Z,Fresno State Bulldogs,Miami (OH) RedHawks,Bovada,Miami (OH) RedHawks,2.8
a08a377ac132421947dc9f8d802f82f9,2025-12-27T22:45:00Z,San Diego State Aztecs,North Texas Mean Green,DraftKings,North Texas Mean Green,1.6
a08a377ac132421947dc9f8d802f82f9,2025-12-27T22:45:00Z,San Diego State Aztecs,North Texas Mean Green,DraftKings,San Diego State Aztecs,2.4
a08a377ac132421947dc9f8d802f82f9,2025-12-27T22:45:00Z,San Diego State Aztecs,North Texas Mean Green,FanDuel,North Texas Mean Green,1.6
a08a377ac132421947dc9f8d802f82f9,2025-12-27T22:45:00Z,San Diego State Aztecs,North Texas Mean Green,FanDuel,San Diego State Aztecs,2.38
a08a377ac132421947dc9f8d802f82f9,2025-12-27T22:45:00Z,San Diego State Aztecs,North Texas Mean Green,LowVig.ag,North Texas Mean Green,1.61
a08a377ac132421947dc9f8d802f82f9,2025-12-27T22:45:00Z,San Diego State Aztecs,North Texas Mean Green,LowVig.ag,San Diego State Aztecs,2.45
a08a377ac132421947dc9f8d802f82f9,2025-12-27T22:45:00Z,San Diego State Aztecs,North Texas Mean Green,BetOnline.ag,North Texas Mean Green,1.61
a08a377ac132421947dc9f8d802f82f9,2025-12-27T22:45:00Z,San Diego State Aztecs,North Texas Mean Green,BetOnline.ag,San Diego State Aztecs,2.45
a08a377ac132421947dc9f8d802f82f9,2025-12-27T22:45:00Z,San Diego State Aztecs,North Texas Mean Green,BetMGM,North Texas Mean Green,1.61
a08a377ac132421947dc9f8d802f82f9,2025-12-27T22:45:00Z,San Diego State Aztecs,North Texas Mean Green,BetMGM,San Diego State Aztecs,2.35
a08a377ac132421947dc9f8d802f82f9,2025-12-27T22:45:00Z,San Diego State Aztecs,North Texas Mean Green,BetUS,North Texas Mean Green,1.59
a08a377ac132421947dc9f8d802f82f9,2025-12-27T22:45:00Z,San Diego State Aztecs,North Texas Mean Green,BetUS,San Diego State Aztecs,2.46
a08a377ac132421947dc9f8d802f82f9,2025-12-27T22:45:00Z,San Diego State Aztecs,North Texas Mean Green,Bovada,North Texas Mean Green,1.62
a08a377ac132421947dc9f8d802f82f9,2025-12-27T22:45:00Z,San Diego State Aztecs,North Texas Mean Green,Bovada,San Diego State Aztecs,2.35
a08a377ac132421947dc9f8d802f82f9,2025-12-27T22:45:00Z,San Diego State Aztecs,North Texas Mean Green,BetRivers,North Texas Mean Green,1.64
a08a377ac132421947dc9f8d802f82f9,2025-12-27T22:45:00Z,San Diego State Aztecs,North Texas Mean Green,BetRivers,San Diego State Aztecs,2.23
8449c7b1e25714e79347f84dd4676d29,2025-12-28T00:30:00Z,Missouri Tigers,Virginia Cavaliers,FanDuel,Missouri Tigers,1.52
8449c7b1e25714e79347f84dd4676d29,2025-12-28T00:30:00Z,Missouri Tigers,Virginia Cavaliers,FanDuel,Virginia Cavaliers,2.6
8449c7b1e25714e79347f84dd4676d29,2025-12-28T00:30:00Z,Missouri Tigers,Virginia Cavaliers,DraftKings,Missouri Tigers,1.54
8449c7b1e25714e79347f84dd4676d29,2025-12-28T00:30:00Z,Missouri Tigers,Virginia Cavaliers,DraftKings,Virginia Cavaliers,2.54
8449c7b1e25714e79347f84dd4676d29,2025-12-28T00:30:00Z,Missouri Tigers,Virginia Cavaliers,LowVig.ag,Missouri Tigers,1.56
8449c7b1e25714e79347f84dd4676d29,2025-12-28T00:30:00Z,Missouri Tigers,Virginia Cavaliers,LowVig.ag,Virginia Cavaliers,2.57
8449c7b1e25714e79347f84dd4676d29,2025-12-28T00:30:00Z,Missouri Tigers,Virginia Cavaliers,BetOnline.ag,Missouri Tigers,1.56
8449c7b1e25714e79347f84dd4676d29,2025-12-28T00:30:00Z,Missouri Tigers,Virginia Cavaliers,BetOnline.ag,Virginia Cavaliers,2.57
8449c7b1e25714e79347f84dd4676d29,2025-12-28T00:30:00Z,Missouri Tigers,Virginia Cavaliers,BetMGM,Missouri Tigers,1.54
8449c7b1e25714e79347f84dd4676d29,2025-12-28T00:30:00Z,Missouri Tigers,Virginia Cavaliers,BetMGM,Virginia Cavaliers,2.55
8449c7b1e25714e79347f84dd4676d29,2025-12-28T00:30:00Z,Missouri Tigers,Virginia Cavaliers,BetUS,Missouri Tigers,1.54
8449c7b1e25714e79347f84dd4676d29,2025-12-28T00:30:00Z,Missouri Tigers,Virginia Cavaliers,BetUS,Virginia Cavaliers,2.59
8449c7b1e25714e79347f84dd4676d29,2025-12-28T00:30:00Z,Missouri Tigers,Virginia Cavaliers,BetRivers,Missouri Tigers,1.54
8449c7b1e25714e79347f84dd4676d29,2025-12-28T00:30:00Z,Missouri Tigers,Virginia Cavaliers,BetRivers,Virginia Cavaliers,2.5
8449c7b1e25714e79347f84dd4676d29,2025-12-28T00:30:00Z,Missouri Tigers,Virginia Cavaliers,Bovada,Missouri Tigers,1.54
8449c7b1e25714e79347f84dd4676d29,2025-12-28T00:30:00Z,Missouri Tigers,Virginia Cavaliers,Bovada,Virginia Cavaliers,2.6
d3b56634b3334a6221df4899b81bf412,2025-12-28T02:15:00Z,Houston Cougars,LSU Tigers,FanDuel,Houston Cougars,1.75
d3b56634b3334a6221df4899b81bf412,2025-12-28T02:15:00Z,Houston Cougars,LSU Tigers,FanDuel,LSU Tigers,2.12
d3b56634b3334a6221df4899b81bf412,2025-12-28T02:15:00Z,Houston Cougars,LSU Tigers,DraftKings,Houston Cougars,1.74
d3b56634b3334a6221df4899b81bf412,2025-12-28T02:15:00Z,Houston Cougars,LSU Tigers,DraftKings,LSU Tigers,2.14
d3b56634b3334a6221df4899b81bf412,2025-12-28T02:15:00Z,Houston Cougars,LSU Tigers,BetOnline.ag,Houston Cougars,1.74
d3b56634b3334a6221df4899b81bf412,2025-12-28T02:15:00Z,Houston Cougars,LSU Tigers,BetOnline.ag,LSU Tigers,2.15
d3b56634b3334a6221df4899b81bf412,2025-12-28T02:15:00Z,Houston Cougars,LSU Tigers,LowVig.ag,Houston Cougars,1.74
d3b56634b3334a6221df4899b81bf412,2025-12-28T02:15:00Z,Houston Cougars,LSU Tigers,LowVig.ag,LSU Tigers,2.15
d3b56634b3334a6221df4899b81bf412,2025-12-28T02:15:00Z,Houston Cougars,LSU Tigers,BetMGM,Houston Cougars,1.69
d3b56634b3334a6221df4899b81bf412,2025-12-28T02:15:00Z,Houston Cougars,LSU Tigers,BetMGM,LSU Tigers,2.2
d3b56634b3334a6221df4899b81bf412,2025-12-28T02:15:00Z,Houston Cougars,LSU Tigers,BetUS,Houston Cougars,1.74
d3b56634b3334a6221df4899b81bf412,2025-12-28T02:15:00Z,Houston Cougars,LSU Tigers,BetUS,LSU Tigers,2.15
d3b56634b3334a6221df4899b81bf412,2025-12-28T02:15:00Z,Houston Cougars,LSU Tigers,Bovada,Houston Cougars,1.69
d3b56634b3334a6221df4899b81bf412,2025-12-28T02:15:00Z,Houston Cougars,LSU Tigers,Bovada,LSU Tigers,2.25
d3b56634b3334a6221df4899b81bf412,2025-12-28T02:15:00Z,Houston Cougars,LSU Tigers,BetRivers,Houston Cougars,1.7
d3b56634b3334a6221df4899b81bf412,2025-12-28T02:15:00Z,Houston Cougars,LSU Tigers,BetRivers,LSU Tigers,2.17
5469259159946d4f739f1d867365e199,2025-12-29T19:00:00Z,Appalachian State Mountaineers,Georgia Southern Eagles,FanDuel,Appalachian State Mountaineers,3.25
5469259159946d4f739f1d867365e199,2025-12-29T19:00:00Z,Appalachian State Mountaineers,Georgia Southern Eagles,FanDuel,Georgia Southern Eagles,1.36
5469259159946d4f739f1d867365e199,2025-12-29T19:00:00Z,Appalachian State Mountaineers,Georgia Southern Eagles,Bovada,Appalachian State Mountaineers,3.25
5469259159946d4f739f1d867365e199,2025-12-29T19:00:00Z,Appalachian State Mountaineers,Georgia Southern Eagles,Bovada,Georgia Southern Eagles,1.36
5469259159946d4f739f1d867365e199,2025-12-29T19:00:00Z,Appalachian State Mountaineers,Georgia Southern Eagles,BetMGM,Appalachian State Mountaineers,3.3
5469259159946d4f739f1d867365e199,2025-12-29T19:00:00Z,Appalachian State Mountaineers,Georgia Southern Eagles,BetMGM,Georgia Southern Eagles,1.35
5469259159946d4f739f1d867365e199,2025-12-29T19:00:00Z,Appalachian State Mountaineers,Georgia Southern Eagles,DraftKings,Appalachian State Mountaineers,3.3
5469259159946d4f739f1d867365e199,2025-12-29T19:00:00Z,Appalachian State Mountaineers,Georgia Southern Eagles,DraftKings,Georgia Southern Eagles,1.35
5469259159946d4f739f1d867365e199,2025-12-29T19:00:00Z,Appalachian State Mountaineers,Georgia Southern Eagles,BetOnline.ag,Appalachian State Mountaineers,3.15
5469259159946d4f739f1d867365e199,2025-12-29T19:00:00Z,Appalachian State Mountaineers,Georgia Southern Eagles,BetOnline.ag,Georgia Southern Eagles,1.38
5469259159946d4f739f1d867365e199,2025-12-29T19:00:00Z,Appalachian State Mountaineers,Georgia Southern Eagles,LowVig.ag,Appalachian State Mountaineers,3.15
5469259159946d4f739f1d867365e199,2025-12-29T19:00:00Z,Appalachian State Mountaineers,Georgia Southern Eagles,LowVig.ag,Georgia Southern Eagles,1.38
5469259159946d4f739f1d867365e199,2025-12-29T19:00:00Z,Appalachian State Mountaineers,Georgia Southern Eagles,BetUS,Appalachian State Mountaineers,3.18
5469259159946d4f739f1d867365e199,2025-12-29T19:00:00Z,Appalachian State Mountaineers,Georgia Southern Eagles,BetUS,Georgia Southern Eagles,1.38
5469259159946d4f739f1d867365e199,2025-12-29T19:00:00Z,Appalachian State Mountaineers,Georgia Southern Eagles,BetRivers,Appalachian State Mountaineers,3.15
5469259159946d4f739f1d867365e199,2025-12-29T19:00:00Z,Appalachian State Mountaineers,Georgia Southern Eagles,BetRivers,Georgia Southern Eagles,1.36
0e89e6be81e49b2e05f41ab688b362db,2025-12-30T19:00:00Z,Louisiana Tech Bulldogs,Coastal Carolina Chanticleers,DraftKings,Coastal Carolina Chanticleers,3.75
0e89e6be81e49b2e05f41ab688b362db,2025-12-30T19:00:00Z,Louisiana Tech Bulldogs,Coastal Carolina Chanticleers,DraftKings,Louisiana Tech Bulldogs,1.29
0e89e6be81e49b2e05f41ab688b362db,2025-12-30T19:00:00Z,Louisiana Tech Bulldogs,Coastal Carolina Chanticleers,FanDuel,Coastal Carolina Chanticleers,3.7
0e89e6be81e49b2e05f41ab688b362db,2025-12-30T19:00:00Z,Louisiana Tech Bulldogs,Coastal Carolina Chanticleers,FanDuel,Louisiana Tech Bulldogs,1.29
0e89e6be81e49b2e05f41ab688b362db,2025-12-30T19:00:00Z,Louisiana Tech Bulldogs,Coastal Carolina Chanticleers,BetMGM,Coastal Carolina Chanticleers,3.6
0e89e6be81e49b2e05f41ab688b362db,2025-12-30T19:00:00Z,Louisiana Tech Bulldogs,Coastal Carolina Chanticleers,BetMGM,Louisiana Tech Bulldogs,1.31
0e89e6be81e49b2e05f41ab688b362db,2025-12-30T19:00:00Z,Louisiana Tech Bulldogs,Coastal Carolina Chanticleers,BetUS,Coastal Carolina Chanticleers,3.7
0e89e6be81e49b2e05f41ab688b362db,2025-12-30T19:00:00Z,Louisiana Tech Bulldogs,Coastal Carolina Chanticleers,BetUS,Louisiana Tech Bulldogs,1.3
0e89e6be81e49b2e05f41ab688b362db,2025-12-30T19:00:00Z,Louisiana Tech Bulldogs,Coastal Carolina Chanticleers,Bovada,Coastal Carolina Chanticleers,3.7
0e89e6be81e49b2e05f41ab688b362db,2025-12-30T19:00:00Z,Louisiana Tech Bulldogs,Coastal Carolina Chanticleers,Bovada,Louisiana Tech Bulldogs,1.29
0e89e6be81e49b2e05f41ab688b362db,2025-12-30T19:00:00Z,Louisiana Tech Bulldogs,Coastal Carolina Chanticleers,BetRivers,Coastal Carolina Chanticleers,3.5
0e89e6be81e49b2e05f41ab688b362db,2025-12-30T19:00:00Z,Louisiana Tech Bulldogs,Coastal Carolina Chanticleers,BetRivers,Louisiana Tech Bulldogs,1.3
0e89e6be81e49b2e05f41ab688b362db,2025-12-30T19:00:00Z,Louisiana Tech Bulldogs,Coastal Carolina Chanticleers,BetOnline.ag,Coastal Carolina Chanticleers,3.63
0e89e6be81e49b2e05f41ab688b362db,2025-12-30T19:00:00Z,Louisiana Tech Bulldogs,Coastal Carolina Chanticleers,BetOnline.ag,Louisiana Tech Bulldogs,1.31
0e89e6be81e49b2e05f41ab688b362db,2025-12-30T19:00:00Z,Louisiana Tech Bulldogs,Coastal Carolina Chanticleers,LowVig.ag,Coastal Carolina Chanticleers,3.63
0e89e6be81e49b2e05f41ab688b362db,2025-12-30T19:00:00Z,Louisiana Tech Bulldogs,Coastal Carolina Chanticleers,LowVig.ag,Louisiana Tech Bulldogs,1.31
9c026fa3f51d3e506190c9512e71960a,2025-12-30T22:30:00Z,Illinois Fighting Illini,Tennessee Volunteers,FanDuel,Illinois Fighting Illini,2.16
9c026fa3f51d3e506190c9512e71960a,2025-12-30T22:30:00Z,Illinois Fighting Illini,Tennessee Volunteers,FanDuel,Tennessee Volunteers,1.71
9c026fa3f51d3e506190c9512e71960a,2025-12-30T22:30:00Z,Illinois Fighting Illini,Tennessee Volunteers,DraftKings,Illinois Fighting Illini,2.14
9c026fa3f51d3e506190c9512e71960a,2025-12-30T22:30:00Z,Illinois Fighting Illini,Tennessee Volunteers,DraftKings,Tennessee Volunteers,1.74
9c026fa3f51d3e506190c9512e71960a,2025-12-30T22:30:00Z,Illinois Fighting Illini,Tennessee Volunteers,BetOnline.ag,Illinois Fighting Illini,2.15
9c026fa3f51d3e506190c9512e71960a,2025-12-30T22:30:00Z,Illinois Fighting Illini,Tennessee Volunteers,BetOnline.ag,Tennessee Volunteers,1.74
9c026fa3f51d3e506190c9512e71960a,2025-12-30T22:30:00Z,Illinois Fighting Illini,Tennessee Volunteers,LowVig.ag,Illinois Fighting Illini,2.15
9c026fa3f51d3e506190c9512e71960a,2025-12-30T22:30:00Z,Illinois Fighting Illini,Tennessee Volunteers,LowVig.ag,Tennessee Volunteers,1.74
9c026fa3f51d3e506190c9512e71960a,2025-12-30T22:30:00Z,Illinois Fighting Illini,Tennessee Volunteers,BetMGM,Illinois Fighting Illini,2.15
9c026fa3f51d3e506190c9512e71960a,2025-12-30T22:30:00Z,Illinois Fighting Illini,Tennessee Volunteers,BetMGM,Tennessee Volunteers,1.71
9c026fa3f51d3e506190c9512e71960a,2025-12-30T22:30:00Z,Illinois Fighting Illini,Tennessee Volunteers,BetUS,Illinois Fighting Illini,2.15
9c026fa3f51d3e506190c9512e71960a,2025-12-30T22:30:00Z,Illinois Fighting Illini,Tennessee Volunteers,BetUS,Tennessee Volunteers,1.74
9c026fa3f51d3e506190c9512e71960a,2025-12-30T22:30:00Z,Illinois Fighting Illini,Tennessee Volunteers,Bovada,Illinois Fighting Illini,2.15
9c026fa3f51d3e506190c9512e71960a,2025-12-30T22:30:00Z,Illinois Fighting Illini,Tennessee Volunteers,Bovada,Tennessee Volunteers,1.74
9c026fa3f51d3e506190c9512e71960a,2025-12-30T22:30:00Z,Illinois Fighting Illini,Tennessee Volunteers,BetRivers,Illinois Fighting Illini,2.12
9c026fa3f51d3e506190c9512e71960a,2025-12-30T22:30:00Z,Illinois Fighting Illini,Tennessee Volunteers,BetRivers,Tennessee Volunteers,1.72
c04b192335eb8afec1cbffcd72b658cf,2025-12-31T02:00:00Z,TCU Horned Frogs,USC Trojans,DraftKings,TCU Horned Frogs,3.05
c04b192335eb8afec1cbffcd72b658cf,2025-12-31T02:00:00Z,TCU Horned Frogs,USC Trojans,DraftKings,USC Trojans,1.4
c04b192335eb8afec1cbffcd72b658cf,2025-12-31T02:00:00Z,TCU Horned Frogs,USC Trojans,LowVig.ag,TCU Horned Frogs,3.07
c04b192335eb8afec1cbffcd72b658cf,2025-12-31T02:00:00Z,TCU Horned Frogs,USC Trojans,LowVig.ag,USC Trojans,1.4
c04b192335eb8afec1cbffcd72b658cf,2025-12-31T02:00:00Z,TCU Horned Frogs,USC Trojans,BetOnline.ag,TCU Horned Frogs,3.07
c04b192335eb8afec1cbffcd72b658cf,2025-12-31T02:00:00Z,TCU Horned Frogs,USC Trojans,BetOnline.ag,USC Trojans,1.4
c04b192335eb8afec1cbffcd72b658cf,2025-12-31T02:00:00Z,TCU Horned Frogs,USC Trojans,FanDuel,TCU Horned Frogs,3.05
c04b192335eb8afec1cbffcd72b658cf,2025-12-31T02:00:00Z,TCU Horned Frogs,USC Trojans,FanDuel,USC Trojans,1.39
c04b192335eb8afec1cbffcd72b658cf,2025-12-31T02:00:00Z,TCU Horned Frogs,USC Trojans,BetMGM,TCU Horned Frogs,2.95
c04b192335eb8afec1cbffcd72b658cf,2025-12-31T02:00:00Z,TCU Horned Frogs,USC Trojans,BetMGM,USC Trojans,1.43
c04b192335eb8afec1cbffcd72b658cf,2025-12-31T02:00:00Z,TCU Horned Frogs,USC Trojans,BetUS,TCU Horned Frogs,3.1
c04b192335eb8afec1cbffcd72b658cf,2025-12-31T02:00:00Z,TCU Horned Frogs,USC Trojans,BetUS,USC Trojans,1.4
c04b192335eb8afec1cbffcd72b658cf,2025-12-31T02:00:00Z,TCU Horned Frogs,USC Trojans,Bovada,TCU Horned Frogs,3.1
c04b192335eb8afec1cbffcd72b658cf,2025-12-31T02:00:00Z,TCU Horned Frogs,USC Trojans,Bovada,USC Trojans,1.4
c04b192335eb8afec1cbffcd72b658cf,2025-12-31T02:00:00Z,TCU Horned Frogs,USC Trojans,BetRivers,TCU Horned Frogs,2.9
c04b192335eb8afec1cbffcd72b658cf,2025-12-31T02:00:00Z,TCU Horned Frogs,USC Trojans,BetRivers,USC Trojans,1.42
e4eae563eb44ef3d6809bf83c6f022ed,2025-12-31T17:00:00Z,Vanderbilt Commodores,Iowa Hawkeyes,FanDuel,Iowa Hawkeyes,2.58
e4eae563eb44ef3d6809bf83c6f022ed,2025-12-31T17:00:00Z,Vanderbilt Commodores,Iowa Hawkeyes,FanDuel,Vanderbilt Commodores,1.52
e4eae563eb44ef3d6809bf83c6f022ed,2025-12-31T17:00:00Z,Vanderbilt Commodores,Iowa Hawkeyes,DraftKings,Iowa Hawkeyes,2.8
e4eae563eb44ef3d6809bf83c6f022ed,2025-12-31T17:00:00Z,Vanderbilt Commodores,Iowa Hawkeyes,DraftKings,Vanderbilt Commodores,1.46
e4eae563eb44ef3d6809bf83c6f022ed,2025-12-31T17:00:00Z,Vanderbilt Commodores,Iowa Hawkeyes,LowVig.ag,Iowa Hawkeyes,2.86
e4eae563eb44ef3d6809bf83c6f022ed,2025-12-31T17:00:00Z,Vanderbilt Commodores,Iowa Hawkeyes,LowVig.ag,Vanderbilt Commodores,1.45
e4eae563eb44ef3d6809bf83c6f022ed,2025-12-31T17:00:00Z,Vanderbilt Commodores,Iowa Hawkeyes,BetOnline.ag,Iowa Hawkeyes,2.86
e4eae563eb44ef3d6809bf83c6f022ed,2025-12-31T17:00:00Z,Vanderbilt Commodores,Iowa Hawkeyes,BetOnline.ag,Vanderbilt Commodores,1.45
e4eae563eb44ef3d6809bf83c6f022ed,2025-12-31T17:00:00Z,Vanderbilt Commodores,Iowa Hawkeyes,BetMGM,Iowa Hawkeyes,2.8
e4eae563eb44ef3d6809bf83c6f022ed,2025-12-31T17:00:00Z,Vanderbilt Commodores,Iowa Hawkeyes,BetMGM,Vanderbilt Commodores,1.45
e4eae563eb44ef3d6809bf83c6f022ed,2025-12-31T17:00:00Z,Vanderbilt Commodores,Iowa Hawkeyes,BetUS,Iowa Hawkeyes,2.83
e4eae563eb44ef3d6809bf83c6f022ed,2025-12-31T17:00:00Z,Vanderbilt Commodores,Iowa Hawkeyes,BetUS,Vanderbilt Commodores,1.47
e4eae563eb44ef3d6809bf83c6f022ed,2025-12-31T17:00:00Z,Vanderbilt Commodores,Iowa Hawkeyes,BetRivers,Iowa Hawkeyes,2.6
e4eae563eb44ef3d6809bf83c6f022ed,2025-12-31T17:00:00Z,Vanderbilt Commodores,Iowa Hawkeyes,BetRivers,Vanderbilt Commodores,1.48
e4eae563eb44ef3d6809bf83c6f022ed,2025-12-31T17:00:00Z,Vanderbilt Commodores,Iowa Hawkeyes,Bovada,Iowa Hawkeyes,2.8
e4eae563eb44ef3d6809bf83c6f022ed,2025-12-31T17:00:00Z,Vanderbilt Commodores,Iowa Hawkeyes,Bovada,Vanderbilt Commodores,1.45
be58b6906c480e3440f3c4b65a068f3e,2025-12-31T19:00:00Z,Duke Blue Devils,Arizona State Sun Devils,FanDuel,Arizona State Sun Devils,2.25
be58b6906c480e3440f3c4b65a068f3e,2025-12-31T19:00:00Z,Duke Blue Devils,Arizona State Sun Devils,FanDuel,Duke Blue Devils,1.68
be58b6906c480e3440f3c4b65a068f3e,2025-12-31T19:00:00Z,Duke Blue Devils,Arizona State Sun Devils,DraftKings,Arizona State Sun Devils,2.3
be58b6906c480e3440f3c4b65a068f3e,2025-12-31T19:00:00Z,Duke Blue Devils,Arizona State Sun Devils,DraftKings,Duke Blue Devils,1.65
be58b6906c480e3440f3c4b65a068f3e,2025-12-31T19:00:00Z,Duke Blue Devils,Arizona State Sun Devils,BetOnline.ag,Arizona State Sun Devils,2.3
be58b6906c480e3440f3c4b65a068f3e,2025-12-31T19:00:00Z,Duke Blue Devils,Arizona State Sun Devils,BetOnline.ag,Duke Blue Devils,1.67
be58b6906c480e3440f3c4b65a068f3e,2025-12-31T19:00:00Z,Duke Blue Devils,Arizona State Sun Devils,LowVig.ag,Arizona State Sun Devils,2.3
be58b6906c480e3440f3c4b65a068f3e,2025-12-31T19:00:00Z,Duke Blue Devils,Arizona State Sun Devils,LowVig.ag,Duke Blue Devils,1.67
be58b6906c480e3440f3c4b65a068f3e,2025-12-31T19:00:00Z,Duke Blue Devils,Arizona State Sun Devils,BetUS,Arizona State Sun Devils,2.29
be58b6906c480e3440f3c4b65a068f3e,2025-12-31T19:00:00Z,Duke Blue Devils,Arizona State Sun Devils,BetUS,Duke Blue Devils,1.67
be58b6906c480e3440f3c4b65a068f3e,2025-12-31T19:00:00Z,Duke Blue Devils,Arizona State Sun Devils,BetMGM,Arizona State Sun Devils,2.3
be58b6906c480e3440f3c4b65a068f3e,2025-12-31T19:00:00Z,Duke Blue Devils,Arizona State Sun Devils,BetMGM,Duke Blue Devils,1.65
be58b6906c480e3440f3c4b65a068f3e,2025-12-31T19:00:00Z,Duke Blue Devils,Arizona State Sun Devils,Bovada,Arizona State Sun Devils,2.3
be58b6906c480e3440f3c4b65a068f3e,2025-12-31T19:00:00Z,Duke Blue Devils,Arizona State Sun Devils,Bovada,Duke Blue Devils,1.67
be58b6906c480e3440f3c4b65a068f3e,2025-12-31T19:00:00Z,Duke Blue Devils,Arizona State Sun Devils,BetRivers,Arizona State Sun Devils,2.2
be58b6906c480e3440f3c4b65a068f3e,2025-12-31T19:00:00Z,Duke Blue Devils,Arizona State Sun Devils,BetRivers,Duke Blue Devils,1.67
19a577346818332b03e9737e6aadf808,2025-12-31T20:00:00Z,Texas Longhorns,Michigan Wolverines,DraftKings,Michigan Wolverines,3.25
19a577346818332b03e9737e6aadf808,2025-12-31T20:00:00Z,Texas Longhorns,Michigan Wolverines,DraftKings,Texas Longhorns,1.36
19a577346818332b03e9737e6aadf808,2025-12-31T20:00:00Z,Texas Longhorns,Michigan Wolverines,LowVig.ag,Michigan Wolverines,3.3
19a577346818332b03e9737e6aadf808,2025-12-31T20:00:00Z,Texas Longhorns,Michigan Wolverines,LowVig.ag,Texas Longhorns,1.36
19a577346818332b03e9737e6aadf808,2025-12-31T20:00:00Z,Texas Longhorns,Michigan Wolverines,BetOnline.ag,Michigan Wolverines,3.3
19a577346818332b03e9737e6aadf808,2025-12-31T20:00:00Z,Texas Longhorns,Michigan Wolverines,BetOnline.ag,Texas Longhorns,1.36
19a577346818332b03e9737e6aadf808,2025-12-31T20:00:00Z,Texas Longhorns,Michigan Wolverines,FanDuel,Michigan Wolverines,3.15
19a577346818332b03e9737e6aadf808,2025-12-31T20:00:00Z,Texas Longhorns,Michigan Wolverines,FanDuel,Texas Longhorns,1.38
19a577346818332b03e9737e6aadf808,2025-12-31T20:00:00Z,Texas Longhorns,Michigan Wolverines,BetMGM,Michigan Wolverines,3.4
19a577346818332b03e9737e6aadf808,2025-12-31T20:00:00Z,Texas Longhorns,Michigan Wolverines,BetMGM,Texas Longhorns,1.33
19a577346818332b03e9737e6aadf808,2025-12-31T20:00:00Z,Texas Longhorns,Michigan Wolverines,BetUS,Michigan Wolverines,3.35
19a577346818332b03e9737e6aadf808,2025-12-31T20:00:00Z,Texas Longhorns,Michigan Wolverines,BetUS,Texas Longhorns,1.36
19a577346818332b03e9737e6aadf808,2025-12-31T20:00:00Z,Texas Longhorns,Michigan Wolverines,Bovada,Michigan Wolverines,3.5
19a577346818332b03e9737e6aadf808,2025-12-31T20:00:00Z,Texas Longhorns,Michigan Wolverines,Bovada,Texas Longhorns,1.33
19a577346818332b03e9737e6aadf808,2025-12-31T20:00:00Z,Texas Longhorns,Michigan Wolverines,BetRivers,Michigan Wolverines,3.25
19a577346818332b03e9737e6aadf808,2025-12-31T20:00:00Z,Texas Longhorns,Michigan Wolverines,BetRivers,Texas Longhorns,1.34
6f364b2f9038410b7cfedad799afddfb,2025-12-31T20:30:00Z,Utah Utes,Nebraska Cornhuskers,DraftKings,Nebraska Cornhuskers,6.0
6f364b2f9038410b7cfedad799afddfb,2025-12-31T20:30:00Z,Utah Utes,Nebraska Cornhuskers,DraftKings,Utah Utes,1.14
6f364b2f9038410b7cfedad799afddfb,2025-12-31T20:30:00Z,Utah Utes,Nebraska Cornhuskers,FanDuel,Nebraska Cornhuskers,6.2
6f364b2f9038410b7cfedad799afddfb,2025-12-31T20:30:00Z,Utah Utes,Nebraska Cornhuskers,FanDuel,Utah Utes,1.13
6f364b2f9038410b7cfedad799afddfb,2025-12-31T20:30:00Z,Utah Utes,Nebraska Cornhuskers,BetOnline.ag,Nebraska Cornhuskers,5.91
6f364b2f9038410b7cfedad799afddfb,2025-12-31T20:30:00Z,Utah Utes,Nebraska Cornhuskers,BetOnline.ag,Utah Utes,1.15
6f364b2f9038410b7cfedad799afddfb,2025-12-31T20:30:00Z,Utah Utes,Nebraska Cornhuskers,BetMGM,Nebraska Cornhuskers,6.0
6f364b2f9038410b7cfedad799afddfb,2025-12-31T20:30:00Z,Utah Utes,Nebraska Cornhuskers,BetMGM,Utah Utes,1.14
6f364b2f9038410b7cfedad799afddfb,2025-12-31T20:30:00Z,Utah Utes,Nebraska Cornhuskers,BetUS,Nebraska Cornhuskers,5.9
6f364b2f9038410b7cfedad799afddfb,2025-12-31T20:30:00Z,Utah Utes,Nebraska Cornhuskers,BetUS,Utah Utes,1.15
6f364b2f9038410b7cfedad799afddfb,2025-12-31T20:30:00Z,Utah Utes,Nebraska Cornhuskers,Bovada,Nebraska Cornhuskers,5.6
6f364b2f9038410b7cfedad799afddfb,2025-12-31T20:30:00Z,Utah Utes,Nebraska Cornhuskers,Bovada,Utah Utes,1.15
6f364b2f9038410b7cfedad799afddfb,2025-12-31T20:30:00Z,Utah Utes,Nebraska Cornhuskers,BetRivers,Nebraska Cornhuskers,6.0
6f364b2f9038410b7cfedad799afddfb,2025-12-31T20:30:00Z,Utah Utes,Nebraska Cornhuskers,BetRivers,Utah Utes,1.13
d05ae1f8060582994d6d724ccbb5e21a,2026-01-01T00:30:00Z,Ohio State Buckeyes,Miami Hurricanes,DraftKings,Miami Hurricanes,3.8
d05ae1f8060582994d6d724ccbb5e21a,2026-01-01T00:30:00Z,Ohio State Buckeyes,Miami Hurricanes,DraftKings,Ohio State Buckeyes,1.28
d05ae1f8060582994d6d724ccbb5e21a,2026-01-01T00:30:00Z,Ohio State Buckeyes,Miami Hurricanes,LowVig.ag,Miami Hurricanes,3.8
d05ae1f8060582994d6d724ccbb5e21a,2026-01-01T00:30:00Z,Ohio State Buckeyes,Miami Hurricanes,LowVig.ag,Ohio State Buckeyes,1.29
d05ae1f8060582994d6d724ccbb5e21a,2026-01-01T00:30:00Z,Ohio State Buckeyes,Miami Hurricanes,BetOnline.ag,Miami Hurricanes,3.8
d05ae1f8060582994d6d724ccbb5e21a,2026-01-01T00:30:00Z,Ohio State Buckeyes,Miami Hurricanes,BetOnline.ag,Ohio State Buckeyes,1.29
d05ae1f8060582994d6d724ccbb5e21a,2026-01-01T00:30:00Z,Ohio State Buckeyes,Miami Hurricanes,FanDuel,Miami Hurricanes,4.1
d05ae1f8060582994d6d724ccbb5e21a,2026-01-01T00:30:00Z,Ohio State Buckeyes,Miami Hurricanes,FanDuel,Ohio State Buckeyes,1.25
d05ae1f8060582994d6d724ccbb5e21a,2026-01-01T00:30:00Z,Ohio State Buckeyes,Miami Hurricanes,BetRivers,Miami Hurricanes,3.8
d05ae1f8060582994d6d724ccbb5e21a,2026-01-01T00:30:00Z,Ohio State Buckeyes,Miami Hurricanes,BetRivers,Ohio State Buckeyes,1.28
d05ae1f8060582994d6d724ccbb5e21a,2026-01-01T00:30:00Z,Ohio State Buckeyes,Miami Hurricanes,BetUS,Miami Hurricanes,3.8
d05ae1f8060582994d6d724ccbb5e21a,2026-01-01T00:30:00Z,Ohio State Buckeyes,Miami Hurricanes,BetUS,Ohio State Buckeyes,1.29
d05ae1f8060582994d6d724ccbb5e21a,2026-01-01T00:30:00Z,Ohio State Buckeyes,Miami Hurricanes,BetMGM,Miami Hurricanes,3.9
d05ae1f8060582994d6d724ccbb5e21a,2026-01-01T00:30:00Z,Ohio State Buckeyes,Miami Hurricanes,BetMGM,Ohio State Buckeyes,1.27
d05ae1f8060582994d6d724ccbb5e21a,2026-01-01T00:30:00Z,Ohio State Buckeyes,Miami Hurricanes,Bovada,Miami Hurricanes,3.85
d05ae1f8060582994d6d724ccbb5e21a,2026-01-01T00:30:00Z,Ohio State Buckeyes,Miami Hurricanes,Bovada,Ohio State Buckeyes,1.27
22c2cdc4f691ac3a9138cdf71231bb81,2026-01-01T17:00:00Z,Texas Tech Red Raiders,Oregon Ducks,DraftKings,Oregon Ducks,1.8
22c2cdc4f691ac3a9138cdf71231bb81,2026-01-01T17:00:00Z,Texas Tech Red Raiders,Oregon Ducks,DraftKings,Texas Tech Red Raiders,2.05
22c2cdc4f691ac3a9138cdf71231bb81,2026-01-01T17:00:00Z,Texas Tech Red Raiders,Oregon Ducks,LowVig.ag,Oregon Ducks,1.76
22c2cdc4f691ac3a9138cdf71231bb81,2026-01-01T17:00:00Z,Texas Tech Red Raiders,Oregon Ducks,LowVig.ag,Texas Tech Red Raiders,2.12
22c2cdc4f691ac3a9138cdf71231bb81,2026-01-01T17:00:00Z,Texas Tech Red Raiders,Oregon Ducks,BetOnline.ag,Oregon Ducks,1.76
22c2cdc4f691ac3a9138cdf71231bb81,2026-01-01T17:00:00Z,Texas Tech Red Raiders,Oregon Ducks,BetOnline.ag,Texas Tech Red Raiders,2.12
22c2cdc4f691ac3a9138cdf71231bb81,2026-01-01T17:00:00Z,Texas Tech Red Raiders,Oregon Ducks,FanDuel,Oregon Ducks,1.79
22c2cdc4f691ac3a9138cdf71231bb81,2026-01-01T17:00:00Z,Texas Tech Red Raiders,Oregon Ducks,FanDuel,Texas Tech Red Raiders,2.05
22c2cdc4f691ac3a9138cdf71231bb81,2026-01-01T17:00:00Z,Texas Tech Red Raiders,Oregon Ducks,BetMGM,Oregon Ducks,1.8
22c2cdc4f691ac3a9138cdf71231bb81,2026-01-01T17:00:00Z,Texas Tech Red Raiders,Oregon Ducks,BetMGM,Texas Tech Red Raiders,2.05
22c2cdc4f691ac3a9138cdf71231bb81,2026-01-01T17:00:00Z,Texas Tech Red Raiders,Oregon Ducks,Bovada,Oregon Ducks,1.91
22c2cdc4f691ac3a9138cdf71231bb81,2026-01-01T17:00:00Z,Texas Tech Red Raiders,Oregon Ducks,Bovada,Texas Tech Red Raiders,1.91
22c2cdc4f691ac3a9138cdf71231bb81,2026-01-01T17:00:00Z,Texas Tech Red Raiders,Oregon Ducks,BetUS,Oregon Ducks,1.77
22c2cdc4f691ac3a9138cdf71231bb81,2026-01-01T17:00:00Z,Texas Tech Red Raiders,Oregon Ducks,BetUS,Texas Tech Red Raiders,2.1
22c2cdc4f691ac3a9138cdf71231bb81,2026-01-01T17:00:00Z,Texas Tech Red Raiders,Oregon Ducks,BetRivers,Oregon Ducks,1.76
22c2cdc4f691ac3a9138cdf71231bb81,2026-01-01T17:00:00Z,Texas Tech Red Raiders,Oregon Ducks,BetRivers,Texas Tech Red Raiders,2.07
7678978564e7c8a1d1913f8c1d4463e5,2026-01-01T21:00:00Z,Indiana Hoosiers,Alabama Crimson Tide,DraftKings,Alabama Crimson Tide,3.0
7678978564e7c8a1d1913f8c1d4463e5,2026-01-01T21:00:00Z,Indiana Hoosiers,Alabama Crimson Tide,DraftKings,Indiana Hoosiers,1.41
7678978564e7c8a1d1913f8c1d4463e5,2026-01-01T21:00:00Z,Indiana Hoosiers,Alabama Crimson Tide,LowVig.ag,Alabama Crimson Tide,3.0
7678978564e7c8a1d1913f8c1d4463e5,2026-01-01T21:00:00Z,Indiana Hoosiers,Alabama Crimson Tide,LowVig.ag,Indiana Hoosiers,1.42
7678978564e7c8a1d1913f8c1d4463e5,2026-01-01T21:00:00Z,Indiana Hoosiers,Alabama Crimson Tide,BetOnline.ag,Alabama Crimson Tide,3.0
7678978564e7c8a1d1913f8c1d4463e5,2026-01-01T21:00:00Z,Indiana Hoosiers,Alabama Crimson Tide,BetOnline.ag,Indiana Hoosiers,1.42
7678978564e7c8a1d1913f8c1d4463e5,2026-01-01T21:00:00Z,Indiana Hoosiers,Alabama Crimson Tide,FanDuel,Alabama Crimson Tide,3.05
7678978564e7c8a1d1913f8c1d4463e5,2026-01-01T21:00:00Z,Indiana Hoosiers,Alabama Crimson Tide,FanDuel,Indiana Hoosiers,1.39
7678978564e7c8a1d1913f8c1d4463e5,2026-01-01T21:00:00Z,Indiana Hoosiers,Alabama Crimson Tide,BetRivers,Alabama Crimson Tide,3.1
7678978564e7c8a1d1913f8c1d4463e5,2026-01-01T21:00:00Z,Indiana Hoosiers,Alabama Crimson Tide,BetRivers,Indiana Hoosiers,1.38
7678978564e7c8a1d1913f8c1d4463e5,2026-01-01T21:00:00Z,Indiana Hoosiers,Alabama Crimson Tide,BetMGM,Alabama Crimson Tide,3.0
7678978564e7c8a1d1913f8c1d4463e5,2026-01-01T21:00:00Z,Indiana Hoosiers,Alabama Crimson Tide,BetMGM,Indiana Hoosiers,1.4
7678978564e7c8a1d1913f8c1d4463e5,2026-01-01T21:00:00Z,Indiana Hoosiers,Alabama Crimson Tide,Bovada,Alabama Crimson Tide,3.05
7678978564e7c8a1d1913f8c1d4463e5,2026-01-01T21:00:00Z,Indiana Hoosiers,Alabama Crimson Tide,Bovada,Indiana Hoosiers,1.41
7678978564e7c8a1d1913f8c1d4463e5,2026-01-01T21:00:00Z,Indiana Hoosiers,Alabama Crimson Tide,BetUS,Alabama Crimson Tide,3.03
7678978564e7c8a1d1913f8c1d4463e5,2026-01-01T21:00:00Z,Indiana Hoosiers,Alabama Crimson Tide,BetUS,Indiana Hoosiers,1.42
7203b3b2119a74b5e3506cbba10db3ef,2026-01-02T01:00:00Z,Georgia Bulldogs,Ole Miss Rebels,DraftKings,Georgia Bulldogs,1.4
7203b3b2119a74b5e3506cbba10db3ef,2026-01-02T01:00:00Z,Georgia Bulldogs,Ole Miss Rebels,DraftKings,Ole Miss Rebels,3.05
7203b3b2119a74b5e3506cbba10db3ef,2026-01-02T01:00:00Z,Georgia Bulldogs,Ole Miss Rebels,BetOnline.ag,Georgia Bulldogs,1.4
7203b3b2119a74b5e3506cbba10db3ef,2026-01-02T01:00:00Z,Georgia Bulldogs,Ole Miss Rebels,BetOnline.ag,Ole Miss Rebels,3.07
7203b3b2119a74b5e3506cbba10db3ef,2026-01-02T01:00:00Z,Georgia Bulldogs,Ole Miss Rebels,FanDuel,Georgia Bulldogs,1.38
7203b3b2119a74b5e3506cbba10db3ef,2026-01-02T01:00:00Z,Georgia Bulldogs,Ole Miss Rebels,FanDuel,Ole Miss Rebels,3.1
7203b3b2119a74b5e3506cbba10db3ef,2026-01-02T01:00:00Z,Georgia Bulldogs,Ole Miss Rebels,BetUS,Georgia Bulldogs,1.41
7203b3b2119a74b5e3506cbba10db3ef,2026-01-02T01:00:00Z,Georgia Bulldogs,Ole Miss Rebels,BetUS,Ole Miss Rebels,3.05
7203b3b2119a74b5e3506cbba10db3ef,2026-01-02T01:00:00Z,Georgia Bulldogs,Ole Miss Rebels,BetMGM,Georgia Bulldogs,1.36
7203b3b2119a74b5e3506cbba10db3ef,2026-01-02T01:00:00Z,Georgia Bulldogs,Ole Miss Rebels,BetMGM,Ole Miss Rebels,3.25
7203b3b2119a74b5e3506cbba10db3ef,2026-01-02T01:00:00Z,Georgia Bulldogs,Ole Miss Rebels,BetRivers,Georgia Bulldogs,1.38
7203b3b2119a74b5e3506cbba10db3ef,2026-01-02T01:00:00Z,Georgia Bulldogs,Ole Miss Rebels,BetRivers,Ole Miss Rebels,3.15
7203b3b2119a74b5e3506cbba10db3ef,2026-01-02T01:00:00Z,Georgia Bulldogs,Ole Miss Rebels,Bovada,Georgia Bulldogs,1.36
7203b3b2119a74b5e3506cbba10db3ef,2026-01-02T01:00:00Z,Georgia Bulldogs,Ole Miss Rebels,Bovada,Ole Miss Rebels,3.25
930671ccd2f2eb35afc046e27c999b03,2026-01-02T18:00:00Z,Texas State Bobcats,Rice Owls,FanDuel,Rice Owls,4.5
930671ccd2f2eb35afc046e27c999b03,2026-01-02T18:00:00Z,Texas State Bobcats,Rice Owls,FanDuel,Texas State Bobcats,1.22
930671ccd2f2eb35afc046e27c999b03,2026-01-02T18:00:00Z,Texas State Bobcats,Rice Owls,DraftKings,Rice Owls,4.4
930671ccd2f2eb35afc046e27c999b03,2026-01-02T18:00:00Z,Texas State Bobcats,Rice Owls,DraftKings,Texas State Bobcats,1.23
930671ccd2f2eb35afc046e27c999b03,2026-01-02T18:00:00Z,Texas State Bobcats,Rice Owls,LowVig.ag,Rice Owls,4.4
930671ccd2f2eb35afc046e27c999b03,2026-01-02T18:00:00Z,Texas State Bobcats,Rice Owls,LowVig.ag,Texas State Bobcats,1.23
930671ccd2f2eb35afc046e27c999b03,2026-01-02T18:00:00Z,Texas State Bobcats,Rice Owls,BetOnline.ag,Rice Owls,4.4
930671ccd2f2eb35afc046e27c999b03,2026-01-02T18:00:00Z,Texas State Bobcats,Rice Owls,BetOnline.ag,Texas State Bobcats,1.23
930671ccd2f2eb35afc046e27c999b03,2026-01-02T18:00:00Z,Texas State Bobcats,Rice Owls,BetMGM,Rice Owls,4.25
930671ccd2f2eb35afc046e27c999b03,2026-01-02T18:00:00Z,Texas State Bobcats,Rice Owls,BetMGM,Texas State Bobcats,1.24
930671ccd2f2eb35afc046e27c999b03,2026-01-02T18:00:00Z,Texas State Bobcats,Rice Owls,BetUS,Rice Owls,4.38
930671ccd2f2eb35afc046e27c999b03,2026-01-02T18:00:00Z,Texas State Bobcats,Rice Owls,BetUS,Texas State Bobcats,1.23
930671ccd2f2eb35afc046e27c999b03,2026-01-02T18:00:00Z,Texas State Bobcats,Rice Owls,Bovada,Rice Owls,4.2
930671ccd2f2eb35afc046e27c999b03,2026-01-02T18:00:00Z,Texas State Bobcats,Rice Owls,Bovada,Texas State Bobcats,1.23
930671ccd2f2eb35afc046e27c999b03,2026-01-02T18:00:00Z,Texas State Bobcats,Rice Owls,BetRivers,Rice Owls,3.85
930671ccd2f2eb35afc046e27c999b03,2026-01-02T18:00:00Z,Texas State Bobcats,Rice Owls,BetRivers,Texas State Bobcats,1.25
5bb624eddcdb91f1604d15e869b67fe6,2026-01-02T21:30:00Z,Cincinnati Bearcats,Navy Midshipmen,DraftKings,Cincinnati Bearcats,3.4
5bb624eddcdb91f1604d15e869b67fe6,2026-01-02T21:30:00Z,Cincinnati Bearcats,Navy Midshipmen,DraftKings,Navy Midshipmen,1.34
5bb624eddcdb91f1604d15e869b67fe6,2026-01-02T21:30:00Z,Cincinnati Bearcats,Navy Midshipmen,BetOnline.ag,Cincinnati Bearcats,3.34
5bb624eddcdb91f1604d15e869b67fe6,2026-01-02T21:30:00Z,Cincinnati Bearcats,Navy Midshipmen,BetOnline.ag,Navy Midshipmen,1.35
5bb624eddcdb91f1604d15e869b67fe6,2026-01-02T21:30:00Z,Cincinnati Bearcats,Navy Midshipmen,LowVig.ag,Cincinnati Bearcats,3.34
5bb624eddcdb91f1604d15e869b67fe6,2026-01-02T21:30:00Z,Cincinnati Bearcats,Navy Midshipmen,LowVig.ag,Navy Midshipmen,1.35
5bb624eddcdb91f1604d15e869b67fe6,2026-01-02T21:30:00Z,Cincinnati Bearcats,Navy Midshipmen,FanDuel,Cincinnati Bearcats,3.05
5bb624eddcdb91f1604d15e869b67fe6,2026-01-02T21:30:00Z,Cincinnati Bearcats,Navy Midshipmen,FanDuel,Navy Midshipmen,1.38
5bb624eddcdb91f1604d15e869b67fe6,2026-01-02T21:30:00Z,Cincinnati Bearcats,Navy Midshipmen,BetUS,Cincinnati Bearcats,3.3
5bb624eddcdb91f1604d15e869b67fe6,2026-01-02T21:30:00Z,Cincinnati Bearcats,Navy Midshipmen,BetUS,Navy Midshipmen,1.36
5bb624eddcdb91f1604d15e869b67fe6,2026-01-02T21:30:00Z,Cincinnati Bearcats,Navy Midshipmen,BetMGM,Cincinnati Bearcats,3.25
5bb624eddcdb91f1604d15e869b67fe6,2026-01-02T21:30:00Z,Cincinnati Bearcats,Navy Midshipmen,BetMGM,Navy Midshipmen,1.35
5bb624eddcdb91f1604d15e869b67fe6,2026-01-02T21:30:00Z,Cincinnati Bearcats,Navy Midshipmen,Bovada,Cincinnati Bearcats,3.25
5bb624eddcdb91f1604d15e869b67fe6,2026-01-02T21:30:00Z,Cincinnati Bearcats,Navy Midshipmen,Bovada,Navy Midshipmen,1.36
5bb624eddcdb91f1604d15e869b67fe6,2026-01-02T21:30:00Z,Cincinnati Bearcats,Navy Midshipmen,BetRivers,Cincinnati Bearcats,2.8
5bb624eddcdb91f1604d15e869b67fe6,2026-01-02T21:30:00Z,Cincinnati Bearcats,Navy Midshipmen,BetRivers,Navy Midshipmen,1.4
485c875626910603ddd6d457d9f97e43,2026-01-03T01:00:00Z,SMU Mustangs,Arizona Wildcats,FanDuel,Arizona Wildcats,1.7
485c875626910603ddd6d457d9f97e43,2026-01-03T01:00:00Z,SMU Mustangs,Arizona Wildcats,FanDuel,SMU Mustangs,2.18
485c875626910603ddd6d457d9f97e43,2026-01-03T01:00:00Z,SMU Mustangs,Arizona Wildcats,DraftKings,Arizona Wildcats,1.68
485c875626910603ddd6d457d9f97e43,2026-01-03T01:00:00Z,SMU Mustangs,Arizona Wildcats,DraftKings,SMU Mustangs,2.24
485c875626910603ddd6d457d9f97e43,2026-01-03T01:00:00Z,SMU Mustangs,Arizona Wildcats,LowVig.ag,Arizona Wildcats,1.69
485c875626910603ddd6d457d9f97e43,2026-01-03T01:00:00Z,SMU Mustangs,Arizona Wildcats,LowVig.ag,SMU Mustangs,2.25
485c875626910603ddd6d457d9f97e43,2026-01-03T01:00:00Z,SMU Mustangs,Arizona Wildcats,BetOnline.ag,Arizona Wildcats,1.69
485c875626910603ddd6d457d9f97e43,2026-01-03T01:00:00Z,SMU Mustangs,Arizona Wildcats,BetOnline.ag,SMU Mustangs,2.25
485c875626910603ddd6d457d9f97e43,2026-01-03T01:00:00Z,SMU Mustangs,Arizona Wildcats,BetMGM,Arizona Wildcats,1.67
485c875626910603ddd6d457d9f97e43,2026-01-03T01:00:00Z,SMU Mustangs,Arizona Wildcats,BetMGM,SMU Mustangs,2.25
485c875626910603ddd6d457d9f97e43,2026-01-03T01:00:00Z,SMU Mustangs,Arizona Wildcats,BetUS,Arizona Wildcats,1.69
485c875626910603ddd6d457d9f97e43,2026-01-03T01:00:00Z,SMU Mustangs,Arizona Wildcats,BetUS,SMU Mustangs,2.25
485c875626910603ddd6d457d9f97e43,2026-01-03T01:00:00Z,SMU Mustangs,Arizona Wildcats,Bovada,Arizona Wildcats,1.71
485c875626910603ddd6d457d9f97e43,2026-01-03T01:00:00Z,SMU Mustangs,Arizona Wildcats,Bovada,SMU Mustangs,2.2
485c875626910603ddd6d457d9f97e43,2026-01-03T01:00:00Z,SMU Mustangs,Arizona Wildcats,BetRivers,Arizona Wildcats,1.71
485c875626910603ddd6d457d9f97e43,2026-01-03T01:00:00Z,SMU Mustangs,Arizona Wildcats,BetRivers,SMU Mustangs,2.15
bd6818aa5f43e7496cc108c90adf335d,2026-01-03T01:00:00Z,Mississippi State Bulldogs,Wake Forest Demon Deacons,FanDuel,Mississippi State Bulldogs,1.7
bd6818aa5f43e7496cc108c90adf335d,2026-01-03T01:00:00Z,Mississippi State Bulldogs,Wake Forest Demon Deacons,FanDuel,Wake Forest Demon Deacons,2.18
bd6818aa5f43e7496cc108c90adf335d,2026-01-03T01:00:00Z,Mississippi State Bulldogs,Wake Forest Demon Deacons,DraftKings,Mississippi State Bulldogs,1.68
bd6818aa5f43e7496cc108c90adf335d,2026-01-03T01:00:00Z,Mississippi State Bulldogs,Wake Forest Demon Deacons,DraftKings,Wake Forest Demon Deacons,2.24
bd6818aa5f43e7496cc108c90adf335d,2026-01-03T01:00:00Z,Mississippi State Bulldogs,Wake Forest Demon Deacons,LowVig.ag,Mississippi State Bulldogs,1.69
bd6818aa5f43e7496cc108c90adf335d,2026-01-03T01:00:00Z,Mississippi State Bulldogs,Wake Forest Demon Deacons,LowVig.ag,Wake Forest Demon Deacons,2.25
bd6818aa5f43e7496cc108c90adf335d,2026-01-03T01:00:00Z,Mississippi State Bulldogs,Wake Forest Demon Deacons,BetOnline.ag,Mississippi State Bulldogs,1.69
bd6818aa5f43e7496cc108c90adf335d,2026-01-03T01:00:00Z,Mississippi State Bulldogs,Wake Forest Demon Deacons,BetOnline.ag,Wake Forest Demon Deacons,2.25
bd6818aa5f43e7496cc108c90adf335d,2026-01-03T01:00:00Z,Mississippi State Bulldogs,Wake Forest Demon Deacons,BetMGM,Mississippi State Bulldogs,1.67
bd6818aa5f43e7496cc108c90adf335d,2026-01-03T01:00:00Z,Mississippi State Bulldogs,Wake Forest Demon Deacons,BetMGM,Wake Forest Demon Deacons,2.25
bd6818aa5f43e7496cc108c90adf335d,2026-01-03T01:00:00Z,Mississippi State Bulldogs,Wake Forest Demon Deacons,BetUS,Mississippi State Bulldogs,1.69
bd6818aa5f43e7496cc108c90adf335d,2026-01-03T01:00:00Z,Mississippi State Bulldogs,Wake Forest Demon Deacons,BetUS,Wake Forest Demon Deacons,2.25
bd6818aa5f43e7496cc108c90adf335d,2026-01-03T01:00:00Z,Mississippi State Bulldogs,Wake Forest Demon Deacons,Bovada,Mississippi State Bulldogs,1.56
bd6818aa5f43e7496cc108c90adf335d,2026-01-03T01:00:00Z,Mississippi State Bulldogs,Wake Forest Demon Deacons,Bovada,Wake Forest Demon Deacons,2.55
bd6818aa5f43e7496cc108c90adf335d,2026-01-03T01:00:00Z,Mississippi State Bulldogs,Wake Forest Demon Deacons,BetRivers,Mississippi State Bulldogs,1.72
bd6818aa5f43e7496cc108c90adf335d,2026-01-03T01:00:00Z,Mississippi State Bulldogs,Wake Forest Demon Deacons,BetRivers,Wake Forest Demon Deacons,2.1
56504eac7bbc625f7316c6bad4354b93,2026-01-06T00:30:00Z,Montana State Bobcats,Illinois State Redbirds,FanDuel,Illinois State Redbirds,4.2
56504eac7bbc625f7316c6bad4354b93,2026-01-06T00:30:00Z,Montana State Bobcats,Illinois State Redbirds,FanDuel,Montana State Bobcats,1.24
0983eaf1f34d2820503b25a9bc5ced6f,2026-01-09T00:30:00Z,Georgia Bulldogs,Miami Hurricanes,DraftKings,Georgia Bulldogs,1.62
0983eaf1f34d2820503b25a9bc5ced6f,2026-01-09T00:30:00Z,Georgia Bulldogs,Miami Hurricanes,DraftKings,Miami Hurricanes,2.36
0983eaf1f34d2820503b25a9bc5ced6f,2026-01-09T00:30:00Z,Georgia Bulldogs,Miami Hurricanes,FanDuel,Georgia Bulldogs,1.54
0983eaf1f34d2820503b25a9bc5ced6f,2026-01-09T00:30:00Z,Georgia Bulldogs,Miami Hurricanes,FanDuel,Miami Hurricanes,2.52
202c450d9ff6398e9ad98e7d9d6e9e35,2026-01-09T00:30:00Z,Ohio State Buckeyes,Georgia Bulldogs,DraftKings,Georgia Bulldogs,2.7
202c450d9ff6398e9ad98e7d9d6e9e35,2026-01-09T00:30:00Z,Ohio State Buckeyes,Georgia Bulldogs,DraftKings,Ohio State Buckeyes,1.49
202c450d9ff6398e9ad98e7d9d6e9e35,2026-01-09T00:30:00Z,Ohio State Buckeyes,Georgia Bulldogs,FanDuel,Georgia Bulldogs,2.76
202c450d9ff6398e9ad98e7d9d6e9e35,2026-01-09T00:30:00Z,Ohio State Buckeyes,Georgia Bulldogs,FanDuel,Ohio State Buckeyes,1.47
169eeab0821162439c0ecf53db53f018,2026-01-09T00:30:00Z,Ole Miss Rebels,Miami Hurricanes,DraftKings,Miami Hurricanes,1.83
169eeab0821162439c0ecf53db53f018,2026-01-09T00:30:00Z,Ole Miss Rebels,Miami Hurricanes,DraftKings,Ole Miss Rebels,2.0
169eeab0821162439c0ecf53db53f018,2026-01-09T00:30:00Z,Ole Miss Rebels,Miami Hurricanes,FanDuel,Miami Hurricanes,1.91
169eeab0821162439c0ecf53db53f018,2026-01-09T00:30:00Z,Ole Miss Rebels,Miami Hurricanes,FanDuel,Ole Miss Rebels,1.91
176037d5736e9239feb4521785de46ff,2026-01-09T00:30:00Z,Ohio State Buckeyes,Ole Miss Rebels,DraftKings,Ohio State Buckeyes,1.28
176037d5736e9239feb4521785de46ff,2026-01-09T00:30:00Z,Ohio State Buckeyes,Ole Miss Rebels,DraftKings,Ole Miss Rebels,3.8
176037d5736e9239feb4521785de46ff,2026-01-09T00:30:00Z,Ohio State Buckeyes,Ole Miss Rebels,FanDuel,Ohio State Buckeyes,1.26
176037d5736e9239feb4521785de46ff,2026-01-09T00:30:00Z,Ohio State Buckeyes,Ole Miss Rebels,FanDuel,Ole Miss Rebels,4.0
684cd6a0054de1920ea49fdb358b195b,2026-01-10T00:30:00Z,Oregon Ducks,Alabama Crimson Tide,DraftKings,Alabama Crimson Tide,2.5
684cd6a0054de1920ea49fdb358b195b,2026-01-10T00:30:00Z,Oregon Ducks,Alabama Crimson Tide,DraftKings,Oregon Ducks,1.56
684cd6a0054de1920ea49fdb358b195b,2026-01-10T00:30:00Z,Oregon Ducks,Alabama Crimson Tide,FanDuel,Alabama Crimson Tide,2.32
684cd6a0054de1920ea49fdb358b195b,2026-01-10T00:30:00Z,Oregon Ducks,Alabama Crimson Tide,FanDuel,Oregon Ducks,1.62
8be641ff606273aed9428222113ef65f,2026-01-10T00:30:00Z,Texas Tech Red Raiders,Alabama Crimson Tide,DraftKings,Alabama Crimson Tide,2.42
8be641ff606273aed9428222113ef65f,2026-01-10T00:30:00Z,Texas Tech Red Raiders,Alabama Crimson Tide,DraftKings,Texas Tech Red Raiders,1.59
8be641ff606273aed9428222113ef65f,2026-01-10T00:30:00Z,Texas Tech Red Raiders,Alabama Crimson Tide,FanDuel,Alabama Crimson Tide,2.08
8be641ff606273aed9428222113ef65f,2026-01-10T00:30:00Z,Texas Tech Red Raiders,Alabama Crimson Tide,FanDuel,Texas Tech Red Raiders,1.77
cb32b2b0ea14036d2aa37918891ded69,2026-01-10T00:30:00Z,Indiana Hoosiers,Oregon Ducks,DraftKings,Indiana Hoosiers,1.65
cb32b2b0ea14036d2aa37918891ded69,2026-01-10T00:30:00Z,Indiana Hoosiers,Oregon Ducks,DraftKings,Oregon Ducks,2.3
cb32b2b0ea14036d2aa37918891ded69,2026-01-10T00:30:00Z,Indiana Hoosiers,Oregon Ducks,FanDuel,Indiana Hoosiers,1.57
cb32b2b0ea14036d2aa37918891ded69,2026-01-10T00:30:00Z,Indiana Hoosiers,Oregon Ducks,FanDuel,Oregon Ducks,2.46
bdd39d25f75126c0190b31313764980e,2026-01-10T00:30:00Z,Indiana Hoosiers,Texas Tech Red Raiders,DraftKings,Indiana Hoosiers,1.62
bdd39d25f75126c0190b31313764980e,2026-01-10T00:30:00Z,Indiana Hoosiers,Texas Tech Red Raiders,DraftKings,Texas Tech Red Raiders,2.36
bdd39d25f75126c0190b31313764980e,2026-01-10T00:30:00Z,Indiana Hoosiers,Texas Tech Red Raiders,FanDuel,Indiana Hoosiers,1.45
bdd39d25f75126c0190b31313764980e,2026-01-10T00:30:00Z,Indiana Hoosiers,Texas Tech Red Raiders,FanDuel,Texas Tech Red Raiders,2.8
